cat_periodo,codigo_unico,MRUN,GEN_ALU,FEC_NAC_ALU,rango_edad,anio_ing_carr_ori,sem_ing_carr_ori,anio_ing_carr_act,sem_ing_carr_act,tipo_inst_1,tipo_inst_2,tipo_inst_3,cod_inst,nomb_inst,cod_sede,nomb_sede,cod_carrera,nomb_carrera,modalidad,jornada,version,tipo_plan_carr,dur_estudio_carr,dur_proceso_tit,dur_total_carr,region_sede,provincia_sede,comuna_sede,nivel_global,nivel_carrera_1,nivel_carrera_2,requisito_ingreso,vigencia_carrera,valor_matricula,valor_arancel,codigo_demre,area_conocimiento,cine_f_13_area,cine_f_13_subarea,area_carrera_generica,acreditada_carr,acreditada_inst,acre_inst_desde_hasta,acre_inst_anio,costo_proceso_titulacion,costo_obtencion_titulo_diploma,forma_ingreso
2021,I106S6C67J4V1,1034661,2,199408,25 a 29 años,2020,1,2020,1,Institutos Profesionales,Institutos Profesionales,Institutos Profesionales,106,IP PROVIDENCIA,6,SEDE VICUÑA MACKENNA (SANTIAGO VICUÑA MACKENNA 380),67,TECNICO DE NIVEL SUPERIOR EN ADMINISTRACION DE EMPRESAS MENCION MARKETING O FINANZAS O RECURSOS HUMANOS,No Presencial,A Distancia,1,Plan Regular,5,1,5,Metropolitana,SANTIAGO,PROVIDENCIA,Pregrado,Técnico de Nivel Superior,Carreras Técnicas,Educación Media,VIGENTE CON ALUMNOS NUEVOS,130000,1459056,0,Administración y Comercio,Administración de Empresas y Derecho,Educación Comercial y Administración,Técnico en Administración de Empresas,NO ACREDITADA,NO ACREDITADA,,,173000,0,1- Ingreso Directo (regular)
2021,I94S1C231J1V2,1084576,2,200203,15 a 19 años,2020,1,2020,1,Universidades,Universidades CRUCH,Universidades Privadas CRUCH,94,UNIVERSIDAD CATOLICA DE TEMUCO,1,CASA CENTRAL (TEMUCO),231,TECNICO UNIVERSITARIO EN TOPOGRAFIA Y GEOMENSURA,Presencial,Diurno,2,Plan Regular,4,0,4,La Araucanía,CAUTIN,TEMUCO,Pregrado,Técnico de Nivel Superior,Carreras Técnicas,Educación Media,VIGENTE CON ALUMNOS NUEVOS,123000,1392000,37087,Tecnología,"Ingeniería, Industria y Construcción",Arquitectura y Construcción,Técnico en Topografía,NO ACREDITADA,ACREDITADA,16/07/2019 AL 16/07/2024,5,101676,0,10- Otras formas de Ingreso
2021,I76S1C26J1V1,2392997,2,200109,15 a 19 años,2020,1,2020,1,Universidades,Universidades CRUCH,Universidades Estatales CRUCH,76,UNIVERSIDAD DE LA FRONTERA,1,CASA CENTRAL (TEMUCO),26,PEDAGOGIA EN CASTELLANO Y COMUNICACION,Presencial,Diurno,1,Plan Regular,10,0,10,La Araucanía,CAUTIN,TEMUCO,Pregrado,Profesional Con Licenciatura,Carreras Profesionales,Educación Media,VIGENTE CON ALUMNOS NUEVOS,128000,2169000,30044,Educación,Educación,Educación,"Pedagogía en Lenguaje, Comunicación y/o Castellano",ACREDITADA,ACREDITADA,28/11/2018 AL 28/11/2024,6,100000,50000,1- Ingreso Directo (regular)
2021,I430S28C170J1V2,3966934,2,200106,20 a 24 años,2021,1,2021,1,Centros de Formación Técnica,Centros de Formación Técnica,Centros de Formación Técnica,430,CFT INACAP,28,SEDE TEMUCO,170,TECNICO EN ODONTOLOGIA,Presencial,Diurno,2,Plan Regular,5,0,5,La Araucanía,CAUTIN,TEMUCO,Pregrado,Técnico de Nivel Superior,Carreras Técnicas,Educación Media,VIGENTE CON ALUMNOS NUEVOS,220000,1948000,0,Salud,Salud y Bienestar,Salud,Técnico Dental y Asistente de Odontología,SIN INFORMACION,ACREDITADA,05/01/2018 AL 05/01/2025,7,0,0,1- Ingreso Directo (regular)
2021,I94S1C213J2V4,4291141,1,200107,15 a 19 años,2020,1,2020,1,Universidades,Universidades CRUCH,Universidades Privadas CRUCH,94,UNIVERSIDAD CATOLICA DE TEMUCO,1,CASA CENTRAL (TEMUCO),213,TECNICO UNIVERSITARIO EN ADMINISTRACION DE EMPRESAS,Presencial,Vespertino,4,Plan Regular,5,0,5,La Araucanía,CAUTIN,TEMUCO,Pregrado,Técnico de Nivel Superior,Carreras Técnicas,Educación Media,VIGENTE CON ALUMNOS NUEVOS,123000,1392000,37081,Administración y Comercio,Administración de Empresas y Derecho,Educación Comercial y Administración,Técnico en Administración de Empresas,NO ACREDITADA,ACREDITADA,16/07/2019 AL 16/07/2024,5,101676,0,10- Otras formas de Ingreso
2021,I13S10C9J2V1,6180407,2,199209,25 a 29 años,2017,1,2017,1,Universidades,Universidades Privadas,Universidades Privadas,13,UNIVERSIDAD SANTO TOMAS,10,SEDE TEMUCO,9,DERECHO,Presencial,Vespertino,1,Plan Regular,11,1,12,La Araucanía,CAUTIN,TEMUCO,Pregrado,Profesional Con Licenciatura,Carreras Profesionales,Educación Media,VIGENTE CON ALUMNOS NUEVOS,105000,3155000,0,Derecho,Administración de Empresas y Derecho,Derecho,Derecho,NO ACREDITADA,ACREDITADA,31/03/2021 AL 31/03/2025,4,0,50000,1- Ingreso Directo (regular)
2021,I280S13C380J1V1,7401917,2,199007,30 a 34 años,2019,1,2019,1,Centros de Formación Técnica,Centros de Formación Técnica,Centros de Formación Técnica,280,CFT LOS LAGOS,13,SEDE TEMUCO,380,TECNICO EN EDUCACION PARVULARIA Y PRIMER CICLO DE ENSEÑANZA GENERAL BASICA,Presencial,Diurno,1,Plan Regular,4,1,5,La Araucanía,CAUTIN,TEMUCO,Pregrado,Técnico de Nivel Superior,Carreras Técnicas,Educación Media,VIGENTE SIN ALUMNOS NUEVOS,99000,990000,0,Educación,Educación,Educación,Técnico Asistente del Educador de Párvulos,NO ACREDITADA,NO ACREDITADA,,,241000,186000,1- Ingreso Directo (regular)
2021,I260S11C282J1V1,8381433,1,199610,20 a 24 años,2020,1,2020,1,Centros de Formación Técnica,Centros de Formación Técnica,Centros de Formación Técnica,260,CFT SANTO TOMAS,11,SEDE TEMUCO,282,TECNICO EN DEPORTES,Presencial,Diurno,1,Plan Regular,5,0,5,La Araucanía,CAUTIN,TEMUCO,Pregrado,Técnico de Nivel Superior,Carreras Técnicas,Educación Media,VIGENTE CON ALUMNOS NUEVOS,64000,1764000,0,Educación,Servicios,Servicios personales,"Técnico en Deporte, Recreación y Preparación Física",NO ACREDITADA,ACREDITADA,20/12/2019 AL 20/12/2024,5,0,0,1- Ingreso Directo (regular)
2021,I430S28C326J2V1,9319011,1,199501,25 a 29 años,2021,1,2021,1,Centros de Formación Técnica,Centros de Formación Técnica,Centros de Formación Técnica,430,CFT INACAP,28,SEDE TEMUCO,326,TECNICO EN MECANICA Y ELECTROMOVILIDAD AUTOMOTRIZ,Presencial,Vespertino,1,Plan Regular,4,0,4,La Araucanía,CAUTIN,TEMUCO,Pregrado,Técnico de Nivel Superior,Carreras Técnicas,Educación Media,VIGENTE CON ALUMNOS NUEVOS,220000,2282000,0,Tecnología,"Ingeniería, Industria y Construcción",Ingeniería y Profesiones Afines,Técnico en Mecánica Automotriz,SIN INFORMACION,ACREDITADA,05/01/2018 AL 05/01/2025,7,36000,0,1- Ingreso Directo (regular)
2021,I260S11C50J1V1,9442114,1,199803,20 a 24 años,2019,1,2019,1,Centros de Formación Técnica,Centros de Formación Técnica,Centros de Formación Técnica,260,CFT SANTO TOMAS,11,SEDE TEMUCO,50,TECNICO AGRICOLA Y GANADERO,Presencial,Diurno,1,Plan Regular,6,0,6,La Araucanía,CAUTIN,TEMUCO,Pregrado,Técnico de Nivel Superior,Carreras Técnicas,Educación Media,VIGENTE CON ALUMNOS NUEVOS,64000,1664000,0,Agropecuaria,"Agricultura, Silvicultura, Pesca y Veterinaria",Agricultura,Técnico Agropecuario,NO ACREDITADA,ACREDITADA,20/12/2019 AL 20/12/2024,5,0,0,1- Ingreso Directo (regular)
2021,I123S5C5J1V1,9944774,2,199812,20 a 24 años,2019,1,2019,1,Institutos Profesionales,Institutos Profesionales,Institutos Profesionales,123,IP DE CHILE,5,SEDE TEMUCO,5,PSICOPEDAGOGIA,Presencial,Diurno,1,Plan Regular,8,1,8,La Araucanía,CAUTIN,TEMUCO,Pregrado,Profesional Sin Licenciatura,Carreras Profesionales,Educación Media,VIGENTE CON ALUMNOS NUEVOS,118000,1531000,0,Educación,Educación,Educación,Psicopedagogía,NO ACREDITADA,ACREDITADA,17/03/2021 AL 17/03/2025,4,0,10000,1- Ingreso Directo (regular)
2021,I94S1C19J1V1,11223843,2,200009,20 a 24 años,2021,1,2021,1,Universidades,Universidades CRUCH,Universidades Privadas CRUCH,94,UNIVERSIDAD CATOLICA DE TEMUCO,1,CASA CENTRAL (TEMUCO),19,PEDAGOGIA EN EDUCACION BASICA CON MENCION,Presencial,Diurno,1,Plan Regular,10,0,10,La Araucanía,CAUTIN,TEMUCO,Pregrado,Profesional Con Licenciatura,Carreras Profesionales,Educación Media,VIGENTE CON ALUMNOS NUEVOS,163000,2597000,37022,Educación,Educación,Educación,Pedagogía en Educación Básica,ACREDITADA,ACREDITADA,16/07/2019 AL 16/07/2024,5,101676,0,8- Ingreso a través de programas de inclusión
2021,I94S1C19J1V1,11814497,2,200010,20 a 24 años,2020,1,2020,1,Universidades,Universidades CRUCH,Universidades Privadas CRUCH,94,UNIVERSIDAD CATOLICA DE TEMUCO,1,CASA CENTRAL (TEMUCO),19,PEDAGOGIA EN EDUCACION BASICA CON MENCION,Presencial,Diurno,1,Plan Regular,10,0,10,La Araucanía,CAUTIN,TEMUCO,Pregrado,Profesional Con Licenciatura,Carreras Profesionales,Educación Media,VIGENTE CON ALUMNOS NUEVOS,163000,2597000,37022,Educación,Educación,Educación,Pedagogía en Educación Básica,ACREDITADA,ACREDITADA,16/07/2019 AL 16/07/2024,5,101676,0,1- Ingreso Directo (regular)
2021,I116S17C4J1V1,11832007,2,200203,15 a 19 años,2021,1,2021,1,Institutos Profesionales,Institutos Profesionales,Institutos Profesionales,116,IP SANTO TOMAS,17,SEDE TEMUCO,4,SERVICIO SOCIAL,Presencial,Diurno,1,Plan Regular,8,0,8,La Araucanía,CAUTIN,TEMUCO,Pregrado,Profesional Sin Licenciatura,Carreras Profesionales,Educación Media,VIGENTE CON ALUMNOS NUEVOS,89000,1716000,0,Ciencias Sociales,Salud y Bienestar,Bienestar,Trabajo Social,NO ACREDITADA,ACREDITADA,20/01/2021 AL 20/01/2026,5,0,0,1- Ingreso Directo (regular)
2021,I100S32C176J1V1,12225015,2,200001,20 a 24 años,2018,1,2018,1,Institutos Profesionales,Institutos Profesionales,Institutos Profesionales,100,IP INACAP,32,SEDE TEMUCO,176,CONSTRUCCION CIVIL,Presencial,Diurno,1,Plan Regular,8,0,8,La Araucanía,CAUTIN,TEMUCO,Pregrado,Profesional Sin Licenciatura,Carreras Profesionales,Educación Media,VIGENTE CON ALUMNOS NUEVOS,220000,2198000,0,Tecnología,"Ingeniería, Industria y Construcción",Arquitectura y Construcción,Construcción Civil,SIN INFORMACION,ACREDITADA,11/12/2016 AL 11/12/2022,6,72000,0,1- Ingreso Directo (regular)
2021,I111S20C145J1V1,13291584,2,200303,15 a 19 años,2021,1,2021,1,Institutos Profesionales,Institutos Profesionales,Institutos Profesionales,111,IP DUOC UC,20,SEDE SAN BERNARDO,145,INGENIERIA EN GESTION LOGISTICA,Presencial,Diurno,1,Plan Regular,8,1,8,Metropolitana,MAIPO,SAN BERNARDO,Pregrado,Profesional Sin Licenciatura,Carreras Profesionales,Educación Media,VIGENTE CON ALUMNOS NUEVOS,254000,2390000,0,Administración y Comercio,Administración de Empresas y Derecho,Educación Comercial y Administración,Ingeniería en Logística,ACREDITADA,ACREDITADA,26/08/2017 AL 26/08/2024,7,30000,0,1- Ingreso Directo (regular)
2021,I94S1C190J1V1,13415981,2,200211,15 a 19 años,2021,1,2021,1,Universidades,Universidades CRUCH,Universidades Privadas CRUCH,94,UNIVERSIDAD CATOLICA DE TEMUCO,1,CASA CENTRAL (TEMUCO),190,BACHILLER EN CIENCIAS Y HUMANIDADES,Presencial,Diurno,1,Plan Regular,2,0,2,La Araucanía,CAUTIN,TEMUCO,Pregrado,"Bachillerato, Ciclo Inicial o Plan Común",Carreras Profesionales,Educación Media,VIGENTE CON ALUMNOS NUEVOS,163000,1921000,37090,Ciencias Básicas,"Ciencias naturales, matemáticas y estadística","Ciencias Naturales, Matemáticas y Estadísticas sin mayor definición",Bachillerato y/o Licenciatura en Ciencias,NO ACREDITADA,ACREDITADA,16/07/2019 AL 16/07/2024,5,101676,0,8- Ingreso a través de programas de inclusión
2021,I143S20C113J2V2,13910727,2,199801,20 a 24 años,2017,1,2017,1,Institutos Profesionales,Institutos Profesionales,Institutos Profesionales,143,IP AIEP,20,SEDE TEMUCO,113,INGENIERIA DE EJECUCION EN ADMINISTRACION DE EMPRESAS MENCION RECURSOS HUMANOS,Presencial,Vespertino,2,Plan Regular,8,1,8,La Araucanía,CAUTIN,TEMUCO,Pregrado,Profesional Sin Licenciatura,Carreras Profesionales,Educación Media,VIGENTE CON ALUMNOS NUEVOS,190000,1700000,0,Administración y Comercio,Administración de Empresas y Derecho,Educación Comercial y Administración,Administración de Empresas e Ing. Asociadas,NO ACREDITADA,ACREDITADA,22/10/2017 AL 22/10/2022,5,190000,0,1- Ingreso Directo (regular)
2021,I165S16C34J2V1,15040780,2,199411,25 a 29 años,2017,1,2021,1,Institutos Profesionales,Institutos Profesionales,Institutos Profesionales,165,IP LOS LAGOS,16,SEDE TEMUCO,34,PSICOPEDAGOGIA,Presencial,Vespertino,1,Plan Regular,8,1,9,La Araucanía,CAUTIN,TEMUCO,Pregrado,Profesional Sin Licenciatura,Carreras Profesionales,Educación Media,VIGENTE SIN ALUMNOS NUEVOS,112500,1125000,0,Educación,Educación,Educación,Psicopedagogía,NO ACREDITADA,NO ACREDITADA,,,382000,226000,4 : Cambio externo
2021,I280S13C22J2V2,15142200,2,200003,20 a 24 años,2020,1,2021,1,Centros de Formación Técnica,Centros de Formación Técnica,Centros de Formación Técnica,280,CFT LOS LAGOS,13,SEDE TEMUCO,22,TECNICO EN ENFERMERIA,Presencial,Vespertino,2,Plan Regular,5,1,5,La Araucanía,CAUTIN,TEMUCO,Pregrado,Técnico de Nivel Superior,Carreras Técnicas,Educación Media,VIGENTE CON ALUMNOS NUEVOS,131500,1315000,0,Salud,Salud y Bienestar,Salud,Técnico en Enfermería,NO ACREDITADA,NO ACREDITADA,,,328000,186000,5- Ingreso por Reconocimiento de Aprendizajes Previos (RAP)
2021,I94S1C187J1V1,17782779,2,200105,20 a 24 años,2019,1,2020,1,Universidades,Universidades CRUCH,Universidades Privadas CRUCH,94,UNIVERSIDAD CATOLICA DE TEMUCO,1,CASA CENTRAL (TEMUCO),187,TERAPIA OCUPACIONAL,Presencial,Diurno,1,Plan Regular,10,0,10,La Araucanía,CAUTIN,TEMUCO,Pregrado,Profesional Con Licenciatura,Carreras Profesionales,Educación Media,VIGENTE CON ALUMNOS NUEVOS,163000,3393000,37066,Salud,Salud y Bienestar,Salud,Terapia Ocupacional,NO ACREDITADA,ACREDITADA,16/07/2019 AL 16/07/2024,5,101676,0,2- Continuidad desde plan común o Bachillerato.
2021,I31S1C11J1V1,18553299,1,200008,20 a 24 años,2019,1,2019,1,Universidades,Universidades Privadas,Universidades Privadas,31,UNIVERSIDAD AUTONOMA DE CHILE,1,CASA CENTRAL (TEMUCO),11,INGENIERIA EN CONSTRUCCION,Presencial,Diurno,1,Plan Regular,10,1,10,La Araucanía,CAUTIN,TEMUCO,Pregrado,Profesional Con Licenciatura,Carreras Profesionales,Educación Media,VIGENTE CON ALUMNOS NUEVOS,240000,3540000,49309,Tecnología,"Ingeniería, Industria y Construcción",Arquitectura y Construcción,Ingeniería en Construcción,ACREDITADA,ACREDITADA,29/10/2019 AL 29/10/2023,4,194700,82000,1- Ingreso Directo (regular)
2021,I94S1C214J1V1,19600350,2,200001,20 a 24 años,2018,1,2018,1,Universidades,Universidades CRUCH,Universidades Privadas CRUCH,94,UNIVERSIDAD CATOLICA DE TEMUCO,1,CASA CENTRAL (TEMUCO),214,TECNICO UNIVERSITARIO EN EDUCACION PARVULARIA,Presencial,Diurno,1,Plan Regular,4,0,4,La Araucanía,CAUTIN,TEMUCO,Pregrado,Técnico de Nivel Superior,Carreras Técnicas,Educación Media,VIGENTE SIN ALUMNOS NUEVOS,123000,1392000,37083,Educación,Educación,Educación,Técnico Asistente del Educador de Párvulos,NO ACREDITADA,ACREDITADA,16/07/2019 AL 16/07/2024,5,101676,0,8- Ingreso a través de programas de inclusión
2021,I16S28C324J2V2,20955748,2,200108,15 a 19 años,2020,1,2020,1,Universidades,Universidades Privadas,Universidades Privadas,16,UNIVERSIDAD LA REPUBLICA,28,SEDE TEMUCO,324,TECNICO DE NIVEL SUPERIOR EN EDUCACION DIFERENCIAL,Presencial,Vespertino,2,Plan Regular,4,0,4,La Araucanía,CAUTIN,TEMUCO,Pregrado,Técnico de Nivel Superior,Carreras Técnicas,Educación Media,VIGENTE CON ALUMNOS NUEVOS,60000,1200000,0,Educación,Educación,Educación,Técnico Asistente del Educador Diferencial,NO ACREDITADA,NO ACREDITADA,,,333000,80000,1- Ingreso Directo (regular)
2021,I76S1C17J1V1,24078553,1,200001,20 a 24 años,2018,1,2018,1,Universidades,Universidades CRUCH,Universidades Estatales CRUCH,76,UNIVERSIDAD DE LA FRONTERA,1,CASA CENTRAL (TEMUCO),17,INGENIERIA EN CONSTRUCCION,Presencial,Diurno,1,Plan Regular,10,0,10,La Araucanía,CAUTIN,TEMUCO,Pregrado,Profesional Con Licenciatura,Carreras Profesionales,Educación Media,VIGENTE CON ALUMNOS NUEVOS,128000,3024000,30007,Tecnología,"Ingeniería, Industria y Construcción",Arquitectura y Construcción,Ingeniería en Construcción,ACREDITADA,ACREDITADA,28/11/2018 AL 28/11/2024,6,100000,50000,1- Ingreso Directo (regular)
2021,I260S11C120J1V1,24835925,2,200107,15 a 19 años,2021,1,2021,1,Centros de Formación Técnica,Centros de Formación Técnica,Centros de Formación Técnica,260,CFT SANTO TOMAS,11,SEDE TEMUCO,120,TECNICO EN ADMINISTRACION,Presencial,Diurno,1,Plan Regular,5,0,5,La Araucanía,CAUTIN,TEMUCO,Pregrado,Técnico de Nivel Superior,Carreras Técnicas,Educación Media,VIGENTE CON ALUMNOS NUEVOS,64000,1512000,0,Administración y Comercio,Administración de Empresas y Derecho,Educación Comercial y Administración,Técnico en Administración de Empresas,ACREDITADA,ACREDITADA,20/12/2019 AL 20/12/2024,5,0,0,1- Ingreso Directo (regular)
2020,I106S6C67J4V1,1034661,2,199408,25 a 29 años,2020,1,2020,1,Institutos Profesionales,Institutos Profesionales,Institutos Profesionales,106,IP PROVIDENCIA,6,SEDE VICUÑA MACKENNA (SANTIAGO VICUÑA MACKENNA 380),67,TECNICO DE NIVEL SUPERIOR EN ADMINISTRACION DE EMPRESAS MENCION MARKETING O FINANZAS O RECURSOS HUMANOS,No Presencial,A Distancia,1,Plan Regular,5,1,5,Metropolitana,SANTIAGO,PROVIDENCIA,Pregrado,Técnico de Nivel Superior,Carreras Técnicas,Educación Media,VIGENTE CON ALUMNOS NUEVOS,120000,1375300,0,Administración y Comercio,Administración de Empresas y Derecho,Educación Comercial y Administración,Técnico en Administración de Empresas,NO ACREDITADA,NO ACREDITADA,,,163000,0,1- Ingreso Directo (regular)
2020,I94S1C231J1V2,1084576,2,200203,15 a 19 años,2020,1,2020,1,Universidades,Universidades CRUCH,Universidades Privadas CRUCH,94,UNIVERSIDAD CATOLICA DE TEMUCO,1,CASA CENTRAL (TEMUCO),231,TECNICO UNIVERSITARIO EN TOPOGRAFIA Y GEOMENSURA,Presencial,Diurno,2,Plan Regular,4,0,4,La Araucanía,CAUTIN,TEMUCO,Pregrado,Técnico de Nivel Superior,Carreras Técnicas,Educación Media,VIGENTE CON ALUMNOS NUEVOS,121000,1365000,37087,Tecnología,"Ingeniería, Industria y Construcción",Arquitectura y Construcción,Técnico en Topografía,NO ACREDITADA,ACREDITADA,16/07/2019 AL 16/07/2024,5,98831,0,10- Otras formas de Ingreso
2020,I76S1C26J1V1,2392997,2,200109,15 a 19 años,2020,1,2020,1,Universidades,Universidades CRUCH,Universidades Estatales CRUCH,76,UNIVERSIDAD DE LA FRONTERA,1,CASA CENTRAL (TEMUCO),26,PEDAGOGIA EN CASTELLANO Y COMUNICACION,Presencial,Diurno,1,Plan Regular,10,0,10,La Araucanía,CAUTIN,TEMUCO,Pregrado,Profesional Con Licenciatura,Carreras Profesionales,Educación Media,VIGENTE CON ALUMNOS NUEVOS,121500,2065000,30044,Educación,Educación,Educación,"Pedagogía en Lenguaje, Comunicación y/o Castellano",ACREDITADA,ACREDITADA,28/11/2018 AL 28/11/2024,6,0,0,1- Ingreso Directo (regular)
2020,I94S1C213J2V4,4291141,1,200107,15 a 19 años,2020,1,2020,1,Universidades,Universidades CRUCH,Universidades Privadas CRUCH,94,UNIVERSIDAD CATOLICA DE TEMUCO,1,CASA CENTRAL (TEMUCO),213,TECNICO UNIVERSITARIO EN ADMINISTRACION DE EMPRESAS,Presencial,Vespertino,4,Plan Regular,5,0,5,La Araucanía,CAUTIN,TEMUCO,Pregrado,Técnico de Nivel Superior,Carreras Técnicas,Educación Media,VIGENTE CON ALUMNOS NUEVOS,121000,1365000,37081,Administración y Comercio,Administración de Empresas y Derecho,Educación Comercial y Administración,Técnico en Administración de Empresas,NO ACREDITADA,ACREDITADA,16/07/2019 AL 16/07/2024,5,98831,0,10- Otras formas de Ingreso
2020,I430S28C134J2V1,6210503,1,199906,20 a 24 años,2020,1,2020,1,Centros de Formación Técnica,Centros de Formación Técnica,Centros de Formación Técnica,430,CFT INACAP,28,SEDE TEMUCO,134,MECANICA AUTOMOTRIZ EN SISTEMAS ELECTRONICOS,Presencial,Vespertino,1,Plan Regular,4,0,4,La Araucanía,CAUTIN,TEMUCO,Pregrado,Técnico de Nivel Superior,Carreras Técnicas,Educación Media,VIGENTE CON ALUMNOS NUEVOS,220000,2213000,0,Tecnología,"Ingeniería, Industria y Construcción",Ingeniería y Profesiones Afines,Técnico en Mecánica Automotriz,ACREDITADA,ACREDITADA,05/01/2018 AL 05/01/2025,7,36000,0,1- Ingreso Directo (regular)
2020,I94S1C190J1V1,6718896,1,200112,15 a 19 años,2020,1,2020,1,Universidades,Universidades CRUCH,Universidades Privadas CRUCH,94,UNIVERSIDAD CATOLICA DE TEMUCO,1,CASA CENTRAL (TEMUCO),190,BACHILLER EN CIENCIAS Y HUMANIDADES,Presencial,Diurno,1,Plan Regular,2,0,2,La Araucanía,CAUTIN,TEMUCO,Pregrado,"Bachillerato, Ciclo Inicial o Plan Común",Carreras Profesionales,Educación Media,VIGENTE CON ALUMNOS NUEVOS,160000,1883000,37090,Ciencias Básicas,"Ciencias naturales, matemáticas y estadística","Ciencias Naturales, Matemáticas y Estadísticas sin mayor definición",Bachillerato y/o Licenciatura en Ciencias,NO ACREDITADA,ACREDITADA,16/07/2019 AL 16/07/2024,5,98831,0,7- Ingreso a través de PACE
2020,I280S13C380J1V1,7401917,2,199007,25 a 29 años,2019,1,2019,1,Centros de Formación Técnica,Centros de Formación Técnica,Centros de Formación Técnica,280,CFT LOS LAGOS,13,SEDE TEMUCO,380,TECNICO EN EDUCACION PARVULARIA Y PRIMER CICLO DE ENSEÑANZA GENERAL BASICA,Presencial,Diurno,1,Plan Regular,4,1,5,La Araucanía,CAUTIN,TEMUCO,Pregrado,Técnico de Nivel Superior,Carreras Técnicas,Educación Media,VIGENTE CON ALUMNOS NUEVOS,30000,860000,0,Educación,Educación,Educación,Técnico Asistente del Educador de Párvulos,NO ACREDITADA,NO ACREDITADA,,,235000,181000,1- Ingreso Directo (regular)
2020,I260S11C282J1V1,8381433,1,199610,20 a 24 años,2020,1,2020,1,Centros de Formación Técnica,Centros de Formación Técnica,Centros de Formación Técnica,260,CFT SANTO TOMAS,11,SEDE TEMUCO,282,TECNICO EN DEPORTES,Presencial,Diurno,1,Plan Regular,5,0,5,La Araucanía,CAUTIN,TEMUCO,Pregrado,Técnico de Nivel Superior,Carreras Técnicas,Educación Media,VIGENTE CON ALUMNOS NUEVOS,62000,1687200,0,Educación,Servicios,Servicios personales,"Técnico en Deporte, Recreación y Preparación Física",NO ACREDITADA,ACREDITADA,20/12/2019 AL 20/12/2024,5,0,0,1- Ingreso Directo (regular)
2020,I260S11C50J1V1,9442114,1,199803,20 a 24 años,2019,1,2019,1,Centros de Formación Técnica,Centros de Formación Técnica,Centros de Formación Técnica,260,CFT SANTO TOMAS,11,SEDE TEMUCO,50,TECNICO AGRICOLA Y GANADERO,Presencial,Diurno,1,Plan Regular,6,0,6,La Araucanía,CAUTIN,TEMUCO,Pregrado,Técnico de Nivel Superior,Carreras Técnicas,Educación Media,VIGENTE CON ALUMNOS NUEVOS,62000,1606200,0,Agropecuaria,"Agricultura, Silvicultura, Pesca y Veterinaria",Agricultura,Técnico Agropecuario,ACREDITADA,ACREDITADA,20/12/2019 AL 20/12/2024,5,0,0,1- Ingreso Directo (regular)
2020,I123S5C5J1V1,9944774,2,199812,20 a 24 años,2019,1,2019,1,Institutos Profesionales,Institutos Profesionales,Institutos Profesionales,123,IP DE CHILE,5,SEDE TEMUCO,5,PSICOPEDAGOGIA,Presencial,Diurno,1,Plan Regular,8,1,8,La Araucanía,CAUTIN,TEMUCO,Pregrado,Profesional Sin Licenciatura,Carreras Profesionales,Educación Media,VIGENTE CON ALUMNOS NUEVOS,114000,1485000,0,Educación,Educación,Educación,Psicopedagogía,NO ACREDITADA,ACREDITADA,13/03/2019 AL 13/03/2021,2,337500,0,1- Ingreso Directo (regular)
2020,I100S32C2J1V1,10599472,2,200102,15 a 19 años,2019,1,2019,1,Institutos Profesionales,Institutos Profesionales,Institutos Profesionales,100,IP INACAP,32,SEDE TEMUCO,2,DISEÑO GRAFICO PROFESIONAL,Presencial,Diurno,1,Plan Regular,8,0,8,La Araucanía,CAUTIN,TEMUCO,Pregrado,Profesional Sin Licenciatura,Carreras Profesionales,Educación Media,VIGENTE CON ALUMNOS NUEVOS,220000,2143000,0,Arte y Arquitectura,Artes y Humanidades,Artes,Diseño Gráfico,ACREDITADA,ACREDITADA,11/12/2016 AL 11/12/2022,6,36000,0,1- Ingreso Directo (regular)
2020,I94S1C190J1V1,10646590,2,200109,15 a 19 años,2020,1,2020,1,Universidades,Universidades CRUCH,Universidades Privadas CRUCH,94,UNIVERSIDAD CATOLICA DE TEMUCO,1,CASA CENTRAL (TEMUCO),190,BACHILLER EN CIENCIAS Y HUMANIDADES,Presencial,Diurno,1,Plan Regular,2,0,2,La Araucanía,CAUTIN,TEMUCO,Pregrado,"Bachillerato, Ciclo Inicial o Plan Común",Carreras Profesionales,Educación Media,VIGENTE CON ALUMNOS NUEVOS,160000,1883000,37090,Ciencias Básicas,"Ciencias naturales, matemáticas y estadística","Ciencias Naturales, Matemáticas y Estadísticas sin mayor definición",Bachillerato y/o Licenciatura en Ciencias,NO ACREDITADA,ACREDITADA,16/07/2019 AL 16/07/2024,5,98831,0,8- Ingreso a través de programas de inclusión
2020,I94S1C19J1V1,11814497,2,200010,15 a 19 años,2020,1,2020,1,Universidades,Universidades CRUCH,Universidades Privadas CRUCH,94,UNIVERSIDAD CATOLICA DE TEMUCO,1,CASA CENTRAL (TEMUCO),19,PEDAGOGIA EN EDUCACION BASICA CON MENCION,Presencial,Diurno,1,Plan Regular,10,0,10,La Araucanía,CAUTIN,TEMUCO,Pregrado,Profesional Con Licenciatura,Carreras Profesionales,Educación Media,VIGENTE CON ALUMNOS NUEVOS,160000,2546000,37022,Educación,Educación,Educación,Pedagogía en Educación Básica,ACREDITADA,ACREDITADA,16/07/2019 AL 16/07/2024,5,98831,0,1- Ingreso Directo (regular)
2020,I260S11C47J1V1,12133570,2,199406,25 a 29 años,2018,1,2018,1,Centros de Formación Técnica,Centros de Formación Técnica,Centros de Formación Técnica,260,CFT SANTO TOMAS,11,SEDE TEMUCO,47,TECNICO EN ENFERMERIA,Presencial,Diurno,1,Plan Regular,5,0,5,La Araucanía,CAUTIN,TEMUCO,Pregrado,Técnico de Nivel Superior,Carreras Técnicas,Educación Media,VIGENTE CON ALUMNOS NUEVOS,62000,2018800,0,Salud,Salud y Bienestar,Salud,Técnico en Enfermería,ACREDITADA,ACREDITADA,20/12/2019 AL 20/12/2024,5,0,0,1- Ingreso Directo (regular)
2020,I100S32C176J1V1,12225015,2,200001,20 a 24 años,2018,1,2018,1,Institutos Profesionales,Institutos Profesionales,Institutos Profesionales,100,IP INACAP,32,SEDE TEMUCO,176,CONSTRUCCION CIVIL,Presencial,Diurno,1,Plan Regular,8,0,8,La Araucanía,CAUTIN,TEMUCO,Pregrado,Profesional Sin Licenciatura,Carreras Profesionales,Educación Media,VIGENTE CON ALUMNOS NUEVOS,220000,2131000,0,Tecnología,"Ingeniería, Industria y Construcción",Arquitectura y Construcción,Construcción Civil,ACREDITADA,ACREDITADA,11/12/2016 AL 11/12/2022,6,72000,0,1- Ingreso Directo (regular)
2020,I143S20C113J2V2,13910727,2,199801,20 a 24 años,2017,1,2017,1,Institutos Profesionales,Institutos Profesionales,Institutos Profesionales,143,IP AIEP,20,SEDE TEMUCO,113,INGENIERIA DE EJECUCION EN ADMINISTRACION DE EMPRESAS MENCION RECURSOS HUMANOS,Presencial,Vespertino,2,Plan Regular,8,1,8,La Araucanía,CAUTIN,TEMUCO,Pregrado,Profesional Sin Licenciatura,Carreras Profesionales,Educación Media,VIGENTE CON ALUMNOS NUEVOS,180000,1610000,0,Administración y Comercio,Administración de Empresas y Derecho,Educación Comercial y Administración,Administración de Empresas e Ing. Asociadas,ACREDITADA,ACREDITADA,22/10/2017 AL 22/10/2022,5,180000,0,1- Ingreso Directo (regular)
2020,I94S1C187J1V1,17782779,2,200105,15 a 19 años,2019,1,2020,1,Universidades,Universidades CRUCH,Universidades Privadas CRUCH,94,UNIVERSIDAD CATOLICA DE TEMUCO,1,CASA CENTRAL (TEMUCO),187,TERAPIA OCUPACIONAL,Presencial,Diurno,1,Plan Regular,10,0,10,La Araucanía,CAUTIN,TEMUCO,Pregrado,Profesional Con Licenciatura,Carreras Profesionales,Educación Media,VIGENTE CON ALUMNOS NUEVOS,160000,3326000,37066,Salud,Salud y Bienestar,Salud,Terapia Ocupacional,NO ACREDITADA,ACREDITADA,16/07/2019 AL 16/07/2024,5,98831,0,2- Continuidad desde plan común o Bachillerato.
2020,I123S5C47J1V1,17820423,2,199509,20 a 24 años,2018,1,2018,1,Institutos Profesionales,Institutos Profesionales,Institutos Profesionales,123,IP DE CHILE,5,SEDE TEMUCO,47,TECNICO EN ENFERMERIA,Presencial,Diurno,1,Plan Regular,5,1,5,La Araucanía,CAUTIN,TEMUCO,Pregrado,Técnico de Nivel Superior,Carreras Técnicas,Educación Media,VIGENTE CON ALUMNOS NUEVOS,114000,1694000,0,Salud,Salud y Bienestar,Salud,Técnico en Enfermería,ACREDITADA,ACREDITADA,13/03/2019 AL 13/03/2021,2,275500,0,1- Ingreso Directo (regular)
2020,I31S1C11J1V1,18553299,1,200008,15 a 19 años,2019,1,2019,1,Universidades,Universidades Privadas,Universidades Privadas,31,UNIVERSIDAD AUTONOMA DE CHILE,1,CASA CENTRAL (TEMUCO),11,INGENIERIA EN CONSTRUCCION,Presencial,Diurno,1,Plan Regular,10,1,10,La Araucanía,CAUTIN,TEMUCO,Pregrado,Profesional Con Licenciatura,Carreras Profesionales,Educación Media,VIGENTE CON ALUMNOS NUEVOS,240000,3377795,49309,Tecnología,"Ingeniería, Industria y Construcción",Arquitectura y Construcción,Ingeniería en Construcción,ACREDITADA,ACREDITADA,29/10/2019 AL 29/10/2023,4,185779,82000,1- Ingreso Directo (regular)
2020,I94S1C214J1V1,19600350,2,200001,20 a 24 años,2018,1,2018,1,Universidades,Universidades CRUCH,Universidades Privadas CRUCH,94,UNIVERSIDAD CATOLICA DE TEMUCO,1,CASA CENTRAL (TEMUCO),214,TECNICO UNIVERSITARIO EN EDUCACION PARVULARIA,Presencial,Diurno,1,Plan Regular,4,0,4,La Araucanía,CAUTIN,TEMUCO,Pregrado,Técnico de Nivel Superior,Carreras Técnicas,Educación Media,VIGENTE SIN ALUMNOS NUEVOS,121000,1365000,37083,Educación,Educación,Educación,Técnico Asistente del Educador de Párvulos,NO ACREDITADA,ACREDITADA,16/07/2019 AL 16/07/2024,5,98831,0,8- Ingreso a través de programas de inclusión
2020,I143S20C71J1V1,19897850,2,199905,20 a 24 años,2018,1,2018,1,Institutos Profesionales,Institutos Profesionales,Institutos Profesionales,143,IP AIEP,20,SEDE TEMUCO,71,TECNICO EN ENFERMERIA MENCION GERIATRIA,Presencial,Diurno,1,Plan Regular,5,1,5,La Araucanía,CAUTIN,TEMUCO,Pregrado,Técnico de Nivel Superior,Carreras Técnicas,Educación Media,VIGENTE CON ALUMNOS NUEVOS,180000,2240000,0,Salud,Salud y Bienestar,Salud,Técnico en Enfermería,ACREDITADA,ACREDITADA,22/10/2017 AL 22/10/2022,5,768070,0,1- Ingreso Directo (regular)
2020,I16S28C324J2V2,20955748,2,200108,15 a 19 años,2020,1,2020,1,Universidades,Universidades Privadas,Universidades Privadas,16,UNIVERSIDAD LA REPUBLICA,28,SEDE TEMUCO,324,TECNICO DE NIVEL SUPERIOR EN EDUCACION DIFERENCIAL,Presencial,Vespertino,2,Plan Regular,4,0,4,La Araucanía,CAUTIN,TEMUCO,Pregrado,Técnico de Nivel Superior,Carreras Técnicas,Educación Media,VIGENTE CON ALUMNOS NUEVOS,0,0,0,Educación,Educación,Educación,Técnico Asistente del Educador Diferencial,NO ACREDITADA,NO ACREDITADA,,,0,0,1- Ingreso Directo (regular)
2020,I103S6C81J1V2,23902532,1,199906,20 a 24 años,2018,1,2018,1,Institutos Profesionales,Institutos Profesionales,Institutos Profesionales,103,IP INSTITUTO DE ESTUDIOS BANCARIOS GUILLERMO SUBERCASEAUX,6,SEDE TEMUCO,81,CONTADOR DE EMPRESAS FINANCIERAS,Presencial,Diurno,2,Plan Regular,4,1,4,La Araucanía,CAUTIN,TEMUCO,Pregrado,Técnico de Nivel Superior,Carreras Técnicas,Educación Media,VIGENTE SIN ALUMNOS NUEVOS,190000,1855000,0,Administración y Comercio,Administración de Empresas y Derecho,Educación Comercial y Administración,Técnico en Contabilidad General,NO ACREDITADA,ACREDITADA,17/12/2017 AL 17/12/2022,5,100000,0,1- Ingreso Directo (regular)
2020,I76S1C17J1V1,24078553,1,200001,20 a 24 años,2018,1,2018,1,Universidades,Universidades CRUCH,Universidades Estatales CRUCH,76,UNIVERSIDAD DE LA FRONTERA,1,CASA CENTRAL (TEMUCO),17,INGENIERIA EN CONSTRUCCION,Presencial,Diurno,1,Plan Regular,10,0,10,La Araucanía,CAUTIN,TEMUCO,Pregrado,Profesional Con Licenciatura,Carreras Profesionales,Educación Media,VIGENTE CON ALUMNOS NUEVOS,121500,2880000,30007,Tecnología,"Ingeniería, Industria y Construcción",Arquitectura y Construcción,Ingeniería en Construcción,NO ACREDITADA,ACREDITADA,28/11/2018 AL 28/11/2024,6,0,0,1- Ingreso Directo (regular)
2019,I261S1C11J1V1,5608255,2,199406,25 a 29 años,2017,1,2017,1,Centros de Formación Técnica,Centros de Formación Técnica,Centros de Formación Técnica,261,CFT ANDRES BELLO,1,CASA CENTRAL (TEMUCO),11,ADMINISTRACION DE EMPRESAS,Presencial,Diurno,1,Plan Regular,5,1,5,La Araucanía,CAUTIN,TEMUCO,Pregrado,Técnico de Nivel Superior,Carreras Técnicas,Educación Media,VIGENTE SIN ALUMNOS NUEVOS,78000,945000,0,Administración y Comercio,Administración de Empresas y Derecho,Educación Comercial y Administración,Técnico en Administración de Empresas,NO ACREDITADA,NO ACREDITADA,,,425000,0,1- Ingreso Directo (regular)
2019,I13S10C9J2V1,6180407,2,199209,25 a 29 años,2017,1,2017,1,Universidades,Universidades Privadas,Universidades Privadas,13,UNIVERSIDAD SANTO TOMAS,10,SEDE TEMUCO,9,DERECHO,Presencial,Vespertino,1,Plan Regular,11,1,12,La Araucanía,CAUTIN,TEMUCO,Pregrado,Profesional Con Licenciatura,Carreras Profesionales,Educación Media,VIGENTE CON ALUMNOS NUEVOS,102000,2895300,0,Derecho,Administración de Empresas y Derecho,Derecho,Derecho,ACREDITADA,ACREDITADA,09-12-2017 - 09-12-2020,3,0,50000,1- Ingreso Directo (regular)
2019,I280S13C380J1V1,7401917,2,199007,25 a 29 años,2019,1,2019,1,Centros de Formación Técnica,Centros de Formación Técnica,Centros de Formación Técnica,280,CFT LOS LAGOS,13,SEDE TEMUCO,380,TECNICO EN EDUCACION PARVULARIA Y PRIMER CICLO DE ENSEÑANZA GENERAL BASICA,Presencial,Diurno,1,Plan Regular,4,1,5,La Araucanía,CAUTIN,TEMUCO,Pregrado,Técnico de Nivel Superior,Carreras Técnicas,Educación Media,VIGENTE CON ALUMNOS NUEVOS,30000,830000,0,Educación,Educación,Educación,Técnico Asistente del Educador de Párvulos,NO ACREDITADA,NO ACREDITADA,,,219500,169000,1- Ingreso Directo (regular)
2019,I260S11C50J1V1,9442114,1,199803,20 a 24 años,2019,1,2019,1,Centros de Formación Técnica,Centros de Formación Técnica,Centros de Formación Técnica,260,CFT SANTO TOMAS,11,SEDE TEMUCO,50,TECNICO AGRICOLA Y GANADERO,Presencial,Diurno,1,Plan Regular,6,0,6,La Araucanía,CAUTIN,TEMUCO,Pregrado,Técnico de Nivel Superior,Carreras Técnicas,Educación Media,VIGENTE CON ALUMNOS NUEVOS,62000,1526800,0,Agropecuaria,"Agricultura, Silvicultura, Pesca y Veterinaria",Agricultura,Técnico Agropecuario,ACREDITADA,ACREDITADA,19-12-2016 - 19-12-2019,3,0,0,1- Ingreso Directo (regular)
2019,I123S5C5J1V1,9944774,2,199812,20 a 24 años,2019,1,2019,1,Institutos Profesionales,Institutos Profesionales,Institutos Profesionales,123,IP DE CHILE,5,SEDE TEMUCO,5,PSICOPEDAGOGIA,Presencial,Diurno,1,Plan Regular,8,1,8,La Araucanía,CAUTIN,TEMUCO,Pregrado,Profesional Sin Licenciatura,Carreras Profesionales,Educación Media,VIGENTE CON ALUMNOS NUEVOS,110800,1441700,0,Educación,Educación,Educación,Psicopedagogía,ACREDITADA,ACREDITADA,13-03-2019 - 13-03-2021,2,327500,0,1- Ingreso Directo (regular)
2019,I100S32C2J1V1,10599472,2,200102,15 a 19 años,2019,1,2019,1,Institutos Profesionales,Institutos Profesionales,Institutos Profesionales,100,IP INACAP,32,SEDE TEMUCO,2,DISEÑO GRAFICO PROFESIONAL,Presencial,Diurno,1,Plan Regular,8,0,8,La Araucanía,CAUTIN,TEMUCO,Pregrado,Profesional Sin Licenciatura,Carreras Profesionales,Educación Media,VIGENTE CON ALUMNOS NUEVOS,220000,2082000,0,Arte y Arquitectura,Artes y Humanidades,Artes,Diseño Gráfico,ACREDITADA,ACREDITADA,11-12-2016 - 11-12-2022,6,36000,0,1- Ingreso Directo (regular)
2019,I54S14C227J1V1,12067196,1,199710,20 a 24 años,2019,1,2019,1,Universidades,Universidades Privadas,Universidades Privadas,54,UNIVERSIDAD TECNOLOGICA DE CHILE INACAP,14,SEDE TEMUCO,227,INGENIERIA EN ADMINISTRACION DE EMPRESAS,Presencial,Diurno,1,Plan Regular,8,0,8,La Araucanía,CAUTIN,TEMUCO,Pregrado,Profesional Sin Licenciatura,Carreras Profesionales,Educación Media,VIGENTE CON ALUMNOS NUEVOS,220000,1992000,0,Administración y Comercio,Administración de Empresas y Derecho,Educación Comercial y Administración,Administración de Empresas e Ing. Asociadas,ACREDITADA,ACREDITADA,27-11-2018 - 27-11-2020,2,36000,0,1- Ingreso Directo (regular)
2019,I260S11C47J1V1,12133570,2,199406,25 a 29 años,2018,1,2018,1,Centros de Formación Técnica,Centros de Formación Técnica,Centros de Formación Técnica,260,CFT SANTO TOMAS,11,SEDE TEMUCO,47,TECNICO EN ENFERMERIA,Presencial,Diurno,1,Plan Regular,5,0,5,La Araucanía,CAUTIN,TEMUCO,Pregrado,Técnico de Nivel Superior,Carreras Técnicas,Educación Media,VIGENTE CON ALUMNOS NUEVOS,62000,1919000,0,Salud,Salud y Bienestar,Salud,Técnico en Enfermería,ACREDITADA,ACREDITADA,19-12-2016 - 19-12-2019,3,0,0,1- Ingreso Directo (regular)
2019,I100S32C176J1V1,12225015,2,200001,15 a 19 años,2018,1,2018,1,Institutos Profesionales,Institutos Profesionales,Institutos Profesionales,100,IP INACAP,32,SEDE TEMUCO,176,CONSTRUCCION CIVIL,Presencial,Diurno,1,Plan Regular,8,0,8,La Araucanía,CAUTIN,TEMUCO,Pregrado,Profesional Sin Licenciatura,Carreras Profesionales,Educación Media,VIGENTE CON ALUMNOS NUEVOS,220000,2070000,0,Tecnología,"Ingeniería, Industria y Construcción",Arquitectura y Construcción,Construcción Civil,ACREDITADA,ACREDITADA,11-12-2016 - 11-12-2022,6,72000,0,1- Ingreso Directo (regular)
2019,I94S1C5J1V1,12277538,2,199506,20 a 24 años,2016,1,2016,1,Universidades,Universidades CRUCH,Universidades Privadas CRUCH,94,UNIVERSIDAD CATOLICA DE TEMUCO,1,CASA CENTRAL (TEMUCO),5,EDUCACION DE PARVULOS,Presencial,Diurno,1,Plan Regular,8,0,8,La Araucanía,CAUTIN,TEMUCO,Pregrado,Profesional Con Licenciatura,Carreras Profesionales,Educación Media,VIGENTE CON ALUMNOS NUEVOS,155000,2550000,37023,Educación,Educación,Educación,Pedagogía en Educación de Párvulos,ACREDITADA,ACREDITADA,15-07-2015 - 15-07-2019,4,96429,0,10- Otras formas de Ingreso
2019,I143S20C100J1V1,12785287,2,199512,20 a 24 años,2015,1,2015,1,Institutos Profesionales,Institutos Profesionales,Institutos Profesionales,143,IP AIEP,20,SEDE TEMUCO,100,PSICOPEDAGOGIA,Presencial,Diurno,1,Plan Regular,8,1,8,La Araucanía,CAUTIN,TEMUCO,Pregrado,Profesional Sin Licenciatura,Carreras Profesionales,Educación Media,VIGENTE CON ALUMNOS NUEVOS,170000,1520000,0,Educación,Educación,Educación,Psicopedagogía,ACREDITADA,ACREDITADA,22-10-2017 - 22-10-2021,4,170000,0,1- Ingreso Directo (regular)
2019,I143S20C113J2V2,13910727,2,199801,20 a 24 años,2017,1,2017,1,Institutos Profesionales,Institutos Profesionales,Institutos Profesionales,143,IP AIEP,20,SEDE TEMUCO,113,INGENIERIA DE EJECUCION EN ADMINISTRACION DE EMPRESAS MENCION RECURSOS HUMANOS,Presencial,Vespertino,2,Plan Regular,8,1,8,La Araucanía,CAUTIN,TEMUCO,Pregrado,Profesional Sin Licenciatura,Carreras Profesionales,Educación Media,VIGENTE CON ALUMNOS NUEVOS,170000,1530000,0,Administración y Comercio,Administración de Empresas y Derecho,Educación Comercial y Administración,Administración de Empresas e Ing. Asociadas,NO ACREDITADA,ACREDITADA,22-10-2017 - 22-10-2021,4,170000,0,1- Ingreso Directo (regular)
2019,I280S13C380J1V1,15040780,2,199411,20 a 24 años,2017,1,2017,1,Centros de Formación Técnica,Centros de Formación Técnica,Centros de Formación Técnica,280,CFT LOS LAGOS,13,SEDE TEMUCO,380,TECNICO EN EDUCACION PARVULARIA Y PRIMER CICLO DE ENSEÑANZA GENERAL BASICA,Presencial,Diurno,1,Plan Regular,4,1,5,La Araucanía,CAUTIN,TEMUCO,Pregrado,Técnico de Nivel Superior,Carreras Técnicas,Educación Media,VIGENTE CON ALUMNOS NUEVOS,30000,830000,0,Educación,Educación,Educación,Técnico Asistente del Educador de Párvulos,NO ACREDITADA,NO ACREDITADA,,,219500,169000,1- Ingreso Directo (regular)
2019,I94S1C190J1V1,17782779,2,200105,15 a 19 años,2019,1,2019,1,Universidades,Universidades CRUCH,Universidades Privadas CRUCH,94,UNIVERSIDAD CATOLICA DE TEMUCO,1,CASA CENTRAL (TEMUCO),190,BACHILLER EN CIENCIAS Y HUMANIDADES,Presencial,Diurno,1,Plan Regular,2,0,2,La Araucanía,CAUTIN,TEMUCO,Pregrado,"Bachillerato, Ciclo Inicial o Plan Común",Carreras Profesionales,Educación Media,VIGENTE CON ALUMNOS NUEVOS,155000,1819000,37090,Ciencias Básicas,"Ciencias naturales, matemáticas y estadística","Ciencias Naturales, Matemáticas y Estadísticas sin mayor definición",Bachillerato y/o Licenciatura en Ciencias,NO ACREDITADA,ACREDITADA,15-07-2015 - 15-07-2019,4,96429,0,7- Ingreso a través de PACE
2019,I123S5C47J1V1,17820423,2,199509,20 a 24 años,2018,1,2018,1,Institutos Profesionales,Institutos Profesionales,Institutos Profesionales,123,IP DE CHILE,5,SEDE TEMUCO,47,TECNICO EN ENFERMERIA,Presencial,Diurno,1,Plan Regular,5,1,5,La Araucanía,CAUTIN,TEMUCO,Pregrado,Técnico de Nivel Superior,Carreras Técnicas,Educación Media,VIGENTE CON ALUMNOS NUEVOS,110800,1644800,0,Salud,Salud y Bienestar,Salud,Técnico en Enfermería,ACREDITADA,ACREDITADA,13-03-2019 - 13-03-2021,2,267500,0,1- Ingreso Directo (regular)
2019,I31S1C12J1V1,18360941,2,199412,20 a 24 años,2013,1,2013,1,Universidades,Universidades Privadas,Universidades Privadas,31,UNIVERSIDAD AUTONOMA DE CHILE,1,CASA CENTRAL (TEMUCO),12,PSICOLOGIA,Presencial,Diurno,1,Plan Regular,10,1,10,La Araucanía,CAUTIN,TEMUCO,Pregrado,Profesional Con Licenciatura,Carreras Profesionales,Educación Media,VIGENTE CON ALUMNOS NUEVOS,230000,3280871,49314,Ciencias Sociales,"Ciencias Sociales, Periodismo e Información",Ciencias Sociales y del Comportamiento,Psicología,ACREDITADA,ACREDITADA,28-10-2015 - 28-10-2019,4,295278,82000,1- Ingreso Directo (regular)
2019,I31S1C11J1V1,18553299,1,200008,15 a 19 años,2019,1,2019,1,Universidades,Universidades Privadas,Universidades Privadas,31,UNIVERSIDAD AUTONOMA DE CHILE,1,CASA CENTRAL (TEMUCO),11,INGENIERIA EN CONSTRUCCION,Presencial,Diurno,1,Plan Regular,10,1,10,La Araucanía,CAUTIN,TEMUCO,Pregrado,Profesional Con Licenciatura,Carreras Profesionales,Educación Media,VIGENTE CON ALUMNOS NUEVOS,230000,3238538,49309,Tecnología,"Ingeniería, Industria y Construcción",Arquitectura y Construcción,Ingeniería en Construcción,ACREDITADA,ACREDITADA,28-10-2015 - 28-10-2019,4,291468,82000,1- Ingreso Directo (regular)
2019,I94S1C214J1V1,19600350,2,200001,15 a 19 años,2018,1,2018,1,Universidades,Universidades CRUCH,Universidades Privadas CRUCH,94,UNIVERSIDAD CATOLICA DE TEMUCO,1,CASA CENTRAL (TEMUCO),214,TECNICO UNIVERSITARIO EN EDUCACION PARVULARIA,Presencial,Diurno,1,Plan Regular,4,0,4,La Araucanía,CAUTIN,TEMUCO,Pregrado,Técnico de Nivel Superior,Carreras Técnicas,Educación Media,VIGENTE CON ALUMNOS NUEVOS,116500,1319000,37083,Educación,Educación,Educación,Técnico Asistente del Educador de Párvulos,NO ACREDITADA,ACREDITADA,15-07-2015 - 15-07-2019,4,96429,0,8- Ingreso a través de programas de inclusión
2019,I143S20C71J1V1,19897850,2,199905,20 a 24 años,2018,1,2018,1,Institutos Profesionales,Institutos Profesionales,Institutos Profesionales,143,IP AIEP,20,SEDE TEMUCO,71,TECNICO EN ENFERMERIA MENCION GERIATRIA,Presencial,Diurno,1,Plan Regular,5,1,5,La Araucanía,CAUTIN,TEMUCO,Pregrado,Técnico de Nivel Superior,Carreras Técnicas,Educación Media,VIGENTE CON ALUMNOS NUEVOS,170000,2130000,0,Salud,Salud y Bienestar,Salud,Técnico en Enfermería,ACREDITADA,ACREDITADA,22-10-2017 - 22-10-2021,4,750000,0,1- Ingreso Directo (regular)
2019,I143S20C29J1V1,23378395,2,199812,20 a 24 años,2019,1,2019,1,Institutos Profesionales,Institutos Profesionales,Institutos Profesionales,143,IP AIEP,20,SEDE TEMUCO,29,ASISTENTE DE PARVULOS,Presencial,Diurno,1,Plan Regular,5,1,5,La Araucanía,CAUTIN,TEMUCO,Pregrado,Técnico de Nivel Superior,Carreras Técnicas,Educación Media,VIGENTE CON ALUMNOS NUEVOS,170000,1520000,0,Educación,Educación,Educación,Técnico Asistente del Educador de Párvulos,ACREDITADA,ACREDITADA,22-10-2017 - 22-10-2021,4,530000,0,1- Ingreso Directo (regular)
2019,I103S6C81J1V2,23902532,1,199906,20 a 24 años,2018,1,2018,1,Institutos Profesionales,Institutos Profesionales,Institutos Profesionales,103,IP INSTITUTO DE ESTUDIOS BANCARIOS GUILLERMO SUBERCASEAUX,6,SEDE TEMUCO,81,CONTADOR DE EMPRESAS FINANCIERAS,Presencial,Diurno,2,Plan Regular,4,1,4,La Araucanía,CAUTIN,TEMUCO,Pregrado,Técnico de Nivel Superior,Carreras Técnicas,Educación Media,VIGENTE SIN ALUMNOS NUEVOS,190000,1820000,0,Administración y Comercio,Administración de Empresas y Derecho,Educación Comercial y Administración,Técnico en Contabilidad General,NO ACREDITADA,ACREDITADA,17-12-2017 - 17-12-2022,5,100000,0,1- Ingreso Directo (regular)
2019,I76S1C17J1V1,24078553,1,200001,15 a 19 años,2018,1,2018,1,Universidades,Universidades CRUCH,Universidades Estatales CRUCH,76,UNIVERSIDAD DE LA FRONTERA,1,CASA CENTRAL (TEMUCO),17,INGENIERIA EN CONSTRUCCION,Presencial,Diurno,1,Plan Regular,10,0,10,La Araucanía,CAUTIN,TEMUCO,Pregrado,Profesional Con Licenciatura,Carreras Profesionales,Educación Media,VIGENTE CON ALUMNOS NUEVOS,115500,2742000,30007,Tecnología,"Ingeniería, Industria y Construcción",Arquitectura y Construcción,Ingeniería en Construcción,NO ACREDITADA,ACREDITADA,28-11-2018 - 28-11-2024,6,0,0,1- Ingreso Directo (regular)
2018,I260S11C108J1V1,791233,1,199909,15 a 19 años,2018,1,2018,1,Centros de Formación Técnica,Centros de Formación Técnica,Centros de Formación Técnica,260,CFT SANTO TOMAS,11,SEDE TEMUCO,108,PREPARADOR FISICO,Presencial,Diurno,1,Plan Regular,5,0,5,La Araucanía,CAUTIN,TEMUCO,Pregrado,Técnico de Nivel Superior,Carreras Técnicas,Educación Media,VIGENTE CON ALUMNOS NUEVOS,62000,1485000,0,Educación,Servicios,Servicios personales,"Técnico en Deporte, Recreación y Preparación Física",ACREDITADA,ACREDITADA,19-12-2016 - 19-12-2019,3,0,0,1- Ingreso Directo (regular)
2018,I13S10C9J2V1,6180407,2,199209,25 a 29 años,2017,1,2017,1,Universidades,Universidades Privadas,Universidades Privadas,13,UNIVERSIDAD SANTO TOMAS,10,SEDE TEMUCO,9,DERECHO,Presencial,Vespertino,1,Plan Regular,11,1,12,La Araucanía,CAUTIN,TEMUCO,Pregrado,Profesional Con Licenciatura,Carreras Profesionales,Educación Media,VIGENTE CON ALUMNOS NUEVOS,102000,2783900,0,Derecho,Administración de Empresas y Derecho,Derecho,Derecho,ACREDITADA,ACREDITADA,09-12-2017 - 09-12-2020,3,0,50000,1- Ingreso Directo (regular)
2018,I123S5C43J1V1,7943332,1,199403,20 a 24 años,2018,1,2018,1,Institutos Profesionales,Institutos Profesionales,Institutos Profesionales,123,IP DE CHILE,5,SEDE TEMUCO,43,TECNICO EN MECANICA AUTOMOTRIZ Y AUTOTRONICA,Presencial,Diurno,1,Plan Regular,5,1,5,La Araucanía,CAUTIN,TEMUCO,Pregrado,Técnico de Nivel Superior,Carreras Técnicas,Educación Media,VIGENTE CON ALUMNOS NUEVOS,107000,1301000,0,Tecnología,"Ingeniería, Industria y Construcción",Ingeniería y Profesiones Afines,Técnico en Mecánica Automotriz,NO ACREDITADA,ACREDITADA,12-03-2015 - 12-03-2019,4,257500,0,1- Ingreso Directo (regular)
2018,I100S32C10J1V1,11044072,2,199603,20 a 24 años,2014,1,2017,1,Institutos Profesionales,Institutos Profesionales,Institutos Profesionales,100,IP INACAP,32,SEDE TEMUCO,10,"INGENIERIA EN PREVENCION DE RIESGOS, CALIDAD Y AMBIENTE",Presencial,Diurno,1,Plan Regular,8,0,8,La Araucanía,CAUTIN,TEMUCO,Pregrado,Profesional Sin Licenciatura,Carreras Profesionales,Educación Media,VIGENTE CON ALUMNOS NUEVOS,220000,1892000,0,Tecnología,Servicios,Servicios de Higiene y Salud Ocupacional,Ingeniería en Prevención de Riesgos,ACREDITADA,ACREDITADA,11-12-2016 - 11-12-2022,6,36000,0,11- Articulación de TNS a carrera profesional
2018,I260S11C47J1V1,12133570,2,199406,20 a 24 años,2018,1,2018,1,Centros de Formación Técnica,Centros de Formación Técnica,Centros de Formación Técnica,260,CFT SANTO TOMAS,11,SEDE TEMUCO,47,TECNICO EN ENFERMERIA,Presencial,Diurno,1,Plan Regular,5,0,5,La Araucanía,CAUTIN,TEMUCO,Pregrado,Técnico de Nivel Superior,Carreras Técnicas,Educación Media,VIGENTE CON ALUMNOS NUEVOS,62000,1845100,0,Salud,Salud y Bienestar,Salud,Técnico en Enfermería,ACREDITADA,ACREDITADA,19-12-2016 - 19-12-2019,3,0,0,1- Ingreso Directo (regular)
2018,I100S32C176J1V1,12225015,2,200001,15 a 19 años,2018,1,2018,1,Institutos Profesionales,Institutos Profesionales,Institutos Profesionales,100,IP INACAP,32,SEDE TEMUCO,176,CONSTRUCCION CIVIL,Presencial,Diurno,1,Plan Regular,8,0,8,La Araucanía,CAUTIN,TEMUCO,Pregrado,Profesional Sin Licenciatura,Carreras Profesionales,Educación Media,VIGENTE CON ALUMNOS NUEVOS,220000,1940000,0,Tecnología,"Ingeniería, Industria y Construcción",Arquitectura y Construcción,Construcción Civil,ACREDITADA,ACREDITADA,11-12-2016 - 11-12-2022,6,72000,0,1- Ingreso Directo (regular)
2018,I94S1C5J1V1,12277538,2,199506,20 a 24 años,2016,1,2016,1,Universidades,Universidades CRUCH,Universidades Privadas CRUCH,94,UNIVERSIDAD CATOLICA DE TEMUCO,1,CASA CENTRAL (TEMUCO),5,EDUCACION DE PARVULOS,Presencial,Diurno,1,Plan Regular,8,0,8,La Araucanía,CAUTIN,TEMUCO,Pregrado,Profesional Con Licenciatura,Carreras Profesionales,Educación Media,VIGENTE CON ALUMNOS NUEVOS,149000,2440000,37023,Educación,Educación,Educación,Pedagogía en Educación de Párvulos,ACREDITADA,ACREDITADA,15-07-2015 - 15-07-2019,4,93652,0,10- Otras formas de Ingreso
2018,I143S20C100J1V1,12785287,2,199512,20 a 24 años,2015,1,2015,1,Institutos Profesionales,Institutos Profesionales,Institutos Profesionales,143,IP AIEP,20,SEDE TEMUCO,100,PSICOPEDAGOGIA,Presencial,Diurno,1,Plan Regular,8,1,8,La Araucanía,CAUTIN,TEMUCO,Pregrado,Profesional Sin Licenciatura,Carreras Profesionales,Educación Media,VIGENTE CON ALUMNOS NUEVOS,160000,1440000,0,Educación,Educación,Educación,Psicopedagogía,ACREDITADA,ACREDITADA,22-10-2017 - 22-10-2021,4,160000,0,1- Ingreso Directo (regular)
2018,I260S11C120J2V1,12786966,2,199411,20 a 24 años,2017,1,2017,1,Centros de Formación Técnica,Centros de Formación Técnica,Centros de Formación Técnica,260,CFT SANTO TOMAS,11,SEDE TEMUCO,120,TECNICO EN ADMINISTRACION,Presencial,Vespertino,1,Plan Regular,5,0,5,La Araucanía,CAUTIN,TEMUCO,Pregrado,Técnico de Nivel Superior,Carreras Técnicas,Educación Media,VIGENTE CON ALUMNOS NUEVOS,62000,1219300,0,Administración y Comercio,Administración de Empresas y Derecho,Educación Comercial y Administración,Técnico en Administración de Empresas,ACREDITADA,ACREDITADA,19-12-2016 - 19-12-2019,3,0,0,1- Ingreso Directo (regular)
2018,I143S20C113J2V2,13910727,2,199801,20 a 24 años,2017,1,2017,1,Institutos Profesionales,Institutos Profesionales,Institutos Profesionales,143,IP AIEP,20,SEDE TEMUCO,113,INGENIERIA DE EJECUCION EN ADMINISTRACION DE EMPRESAS MENCION RECURSOS HUMANOS,Presencial,Vespertino,2,Plan Regular,8,1,8,La Araucanía,CAUTIN,TEMUCO,Pregrado,Profesional Sin Licenciatura,Carreras Profesionales,Educación Media,VIGENTE CON ALUMNOS NUEVOS,160000,1450000,0,Administración y Comercio,Administración de Empresas y Derecho,Educación Comercial y Administración,Administración de Empresas e Ing. Asociadas,ACREDITADA,ACREDITADA,22-10-2017 - 22-10-2021,4,160000,0,1- Ingreso Directo (regular)
2018,I280S13C380J1V1,15040780,2,199411,20 a 24 años,2017,1,2017,1,Centros de Formación Técnica,Centros de Formación Técnica,Centros de Formación Técnica,280,CFT LOS LAGOS,13,SEDE TEMUCO,380,TECNICO EN EDUCACION PARVULARIA Y PRIMER CICLO DE ENSEÑANZA GENERAL BASICA,Presencial,Diurno,1,Plan Regular,4,1,5,La Araucanía,CAUTIN,TEMUCO,Pregrado,Técnico de Nivel Superior,Carreras Técnicas,Educación Media,VIGENTE CON ALUMNOS NUEVOS,30000,899000,0,Educación,Educación,Educación,Técnico Asistente del Educador de Párvulos,NO ACREDITADA,NO ACREDITADA,-,,204800,157600,1- Ingreso Directo (regular)
2018,I143S20C118J1V1,17347474,2,199909,15 a 19 años,2018,1,2018,1,Institutos Profesionales,Institutos Profesionales,Institutos Profesionales,143,IP AIEP,20,SEDE TEMUCO,118,TECNICO EN ADMINISTRACION DE EMPRESAS MENCION RECURSOS HUMANOS,Presencial,Diurno,1,Plan Regular,5,1,5,La Araucanía,CAUTIN,TEMUCO,Pregrado,Técnico de Nivel Superior,Carreras Técnicas,Educación Media,VIGENTE CON ALUMNOS NUEVOS,160000,1400000,0,Administración y Comercio,Administración de Empresas y Derecho,Educación Comercial y Administración,Técnico en Administración de Empresas,ACREDITADA,ACREDITADA,22-10-2017 - 22-10-2021,4,490000,0,1- Ingreso Directo (regular)
2018,I123S5C47J1V1,17820423,2,199509,20 a 24 años,2018,1,2018,1,Institutos Profesionales,Institutos Profesionales,Institutos Profesionales,123,IP DE CHILE,5,SEDE TEMUCO,47,TECNICO EN ENFERMERIA,Presencial,Diurno,1,Plan Regular,5,1,5,La Araucanía,CAUTIN,TEMUCO,Pregrado,Técnico de Nivel Superior,Carreras Técnicas,Educación Media,VIGENTE CON ALUMNOS NUEVOS,107000,1620000,0,Salud,Salud y Bienestar,Salud,Técnico en Enfermería,ACREDITADA,ACREDITADA,12-03-2015 - 12-03-2019,4,260500,0,1- Ingreso Directo (regular)
2018,I31S1C12J1V1,18360941,2,199412,20 a 24 años,2013,1,2013,1,Universidades,Universidades Privadas,Universidades Privadas,31,UNIVERSIDAD AUTONOMA DE CHILE,1,CASA CENTRAL (TEMUCO),12,PSICOLOGIA,Presencial,Diurno,1,Plan Regular,10,1,10,La Araucanía,CAUTIN,TEMUCO,Pregrado,Profesional Con Licenciatura,Carreras Profesionales,Educación Media,VIGENTE CON ALUMNOS NUEVOS,221000,3154684,49314,Ciencias Sociales,"Ciencias Sociales, Periodismo e Información",Ciencias Sociales y del Comportamiento,Psicología,ACREDITADA,ACREDITADA,28-10-2015 - 28-10-2019,4,283922,82000,1- Ingreso Directo (regular)
2018,I94S1C214J1V1,19600350,2,200001,15 a 19 años,2018,1,2018,1,Universidades,Universidades CRUCH,Universidades Privadas CRUCH,94,UNIVERSIDAD CATOLICA DE TEMUCO,1,CASA CENTRAL (TEMUCO),214,TECNICO UNIVERSITARIO EN EDUCACION PARVULARIA,Presencial,Diurno,1,Plan Regular,4,0,4,La Araucanía,CAUTIN,TEMUCO,Pregrado,Técnico de Nivel Superior,Carreras Técnicas,Educación Media,VIGENTE CON ALUMNOS NUEVOS,112000,1262000,37083,Educación,Educación,Educación,Técnico Asistente del Educador de Párvulos,NO ACREDITADA,ACREDITADA,15-07-2015 - 15-07-2019,4,93652,0,8- Ingreso a través de programas de inclusión
2018,I143S20C71J1V1,19897850,2,199905,15 a 19 años,2018,1,2018,1,Institutos Profesionales,Institutos Profesionales,Institutos Profesionales,143,IP AIEP,20,SEDE TEMUCO,71,TECNICO EN ENFERMERIA MENCION GERIATRIA,Presencial,Diurno,1,Plan Regular,5,1,5,La Araucanía,CAUTIN,TEMUCO,Pregrado,Técnico de Nivel Superior,Carreras Técnicas,Educación Media,VIGENTE CON ALUMNOS NUEVOS,160000,2010000,0,Salud,Salud y Bienestar,Salud,Técnico en Enfermería,ACREDITADA,ACREDITADA,22-10-2017 - 22-10-2021,4,703500,0,1- Ingreso Directo (regular)
2018,I103S6C82J2V2,20919064,2,199505,20 a 24 años,2014,1,2016,1,Institutos Profesionales,Institutos Profesionales,Institutos Profesionales,103,IP INSTITUTO DE ESTUDIOS BANCARIOS GUILLERMO SUBERCASEAUX,6,SEDE TEMUCO,82,INGENIERIA EN ADMINISTRACION DE EMPRESAS FINANCIERAS,Presencial,Vespertino,2,Plan Regular,9,1,9,La Araucanía,CAUTIN,TEMUCO,Pregrado,Profesional Sin Licenciatura,Carreras Profesionales,Educación Media,VIGENTE CON ALUMNOS NUEVOS,180000,1850000,0,Administración y Comercio,Administración de Empresas y Derecho,Educación Comercial y Administración,Administración de Empresas e Ing. Asociadas,NO ACREDITADA,ACREDITADA,17-12-2017 - 17-12-2022,5,200000,0,11- Articulación de TNS a carrera profesional
2018,I430S28C43J2V1,21545070,1,199211,25 a 29 años,2018,1,2018,1,Centros de Formación Técnica,Centros de Formación Técnica,Centros de Formación Técnica,430,CFT INACAP,28,SEDE TEMUCO,43,AUTOMATIZACION Y CONTROL INDUSTRIAL,Presencial,Vespertino,1,Plan Regular,4,0,4,La Araucanía,CAUTIN,TEMUCO,Pregrado,Técnico de Nivel Superior,Carreras Técnicas,Educación Media,VIGENTE CON ALUMNOS NUEVOS,220000,1866000,0,Tecnología,"Ingeniería, Industria y Construcción",Ingeniería y Profesiones Afines,"Técnico en Instrumentación, Automatización y Control Industrial",ACREDITADA,ACREDITADA,05-01-2018 - 05-01-2025,7,36000,0,1- Ingreso Directo (regular)
2018,I430S28C43J2V1,23844857,1,199812,15 a 19 años,2017,1,2017,1,Centros de Formación Técnica,Centros de Formación Técnica,Centros de Formación Técnica,430,CFT INACAP,28,SEDE TEMUCO,43,AUTOMATIZACION Y CONTROL INDUSTRIAL,Presencial,Vespertino,1,Plan Regular,4,0,4,La Araucanía,CAUTIN,TEMUCO,Pregrado,Técnico de Nivel Superior,Carreras Técnicas,Educación Media,VIGENTE CON ALUMNOS NUEVOS,220000,1866000,0,Tecnología,"Ingeniería, Industria y Construcción",Ingeniería y Profesiones Afines,"Técnico en Instrumentación, Automatización y Control Industrial",ACREDITADA,ACREDITADA,05-01-2018 - 05-01-2025,7,36000,0,1- Ingreso Directo (regular)
2018,I103S6C81J1V2,23902532,1,199906,15 a 19 años,2018,1,2018,1,Institutos Profesionales,Institutos Profesionales,Institutos Profesionales,103,IP INSTITUTO DE ESTUDIOS BANCARIOS GUILLERMO SUBERCASEAUX,6,SEDE TEMUCO,81,CONTADOR DE EMPRESAS FINANCIERAS,Presencial,Diurno,2,Plan Regular,4,1,4,La Araucanía,CAUTIN,TEMUCO,Pregrado,Técnico de Nivel Superior,Carreras Técnicas,Educación Media,VIGENTE CON ALUMNOS NUEVOS,180000,1700000,0,Administración y Comercio,Administración de Empresas y Derecho,Educación Comercial y Administración,Técnico en Contabilidad General,NO ACREDITADA,ACREDITADA,17-12-2017 - 17-12-2022,5,100000,0,1- Ingreso Directo (regular)
2018,I76S1C17J1V1,24078553,1,200001,15 a 19 años,2018,1,2018,1,Universidades,Universidades CRUCH,Universidades Estatales CRUCH,76,UNIVERSIDAD DE LA FRONTERA,1,CASA CENTRAL (TEMUCO),17,INGENIERIA EN CONSTRUCCION,Presencial,Diurno,1,Plan Regular,10,0,10,La Araucanía,CAUTIN,TEMUCO,Pregrado,Profesional Con Licenciatura,Carreras Profesionales,Educación Media,VIGENTE CON ALUMNOS NUEVOS,110000,2611000,30007,Tecnología,"Ingeniería, Industria y Construcción",Arquitectura y Construcción,Ingeniería en Construcción,NO ACREDITADA,ACREDITADA,27-11-2013 - 27-11-2018,5,0,0,1- Ingreso Directo (regular)
2017,I430S28C78J2V1,260950,1,199308,20 a 24 años,2015,1,,,Centros de Formación Técnica,Centros de Formación Técnica,Centros de Formación Técnica,430,CFT INACAP,28,SEDE TEMUCO,78,ELECTRICIDAD INDUSTRIAL MENCION INSTALACIONES ELECTRICAS,Presencial,Vespertino,1,Plan Regular,5,0,5,La Araucanía,CAUTIN,TEMUCO,Pregrado,Técnico de Nivel Superior,Carreras Técnicas,Educación Media,VIGENTE CON ALUMNOS NUEVOS,220000,1738000,0,Tecnología,"Ingeniería, Industria y Construcción",Ingeniería y Profesiones Afines,Técnico en Electricidad y Electricidad Industrial,ACREDITADA,ACREDITADA,04/01/2012 - 04/01/2018,6,36000,0,
2017,I117S1C59J4V1,1034661,2,199408,20 a 24 años,2016,1,,,Institutos Profesionales,Institutos Profesionales,Institutos Profesionales,117,IP INSTITUTO SUPERIOR DE ARTES Y CIENCIAS DE LA COMUNICACION,1,CASA CENTRAL (SANTIAGO),59,TECNICO EN GESTION DE CALIDAD Y AMBIENTE,No Presencial,A Distancia,1,Plan Regular,5,1,5,Metropolitana,SANTIAGO,PROVIDENCIA,Pregrado,Técnico de Nivel Superior,Carreras Técnicas,Educación Media,VIGENTE CON ALUMNOS NUEVOS,60000,1240000,0,Tecnología,"Ingeniería, Industria y Construcción",Ingeniería y Profesiones Afines,Técnico en Medio Ambiente (Control y Gestión),NO ACREDITADA,NO ACREDITADA,-,,132000,0,
2017,I13S10C9J2V1,6180407,2,199209,20 a 24 años,2017,1,,,Universidades,Universidades Privadas,Universidades Privadas,13,UNIVERSIDAD SANTO TOMAS,10,SEDE TEMUCO,9,DERECHO,Presencial,Vespertino,1,Plan Regular,11,1,12,La Araucanía,CAUTIN,TEMUCO,Pregrado,Profesional Con Licenciatura,Carreras Profesionales,Educación Media,VIGENTE CON ALUMNOS NUEVOS,102000,2684500,0,Derecho,Administración de Empresas y Derecho,Derecho,Derecho,ACREDITADA,ACREDITADA,08/12/2014 - 08/12/2017,3,0,0,
2017,I260S11C108J2V1,9319011,1,199501,20 a 24 años,2017,1,,,Centros de Formación Técnica,Centros de Formación Técnica,Centros de Formación Técnica,260,CFT SANTO TOMAS,11,SEDE TEMUCO,108,PREPARADOR FISICO,Presencial,Vespertino,1,Plan Regular,5,0,5,La Araucanía,CAUTIN,TEMUCO,Pregrado,Técnico de Nivel Superior,Carreras Técnicas,Educación Media,VIGENTE CON ALUMNOS NUEVOS,62000,1373900,0,Educación,Servicios,Servicios personales,"Técnico en Deporte, Recreación y Preparación Física",NO ACREDITADA,ACREDITADA,19/12/2016 - 19/12/2019,3,0,0,
2017,I100S32C10J1V1,11044072,2,199603,20 a 24 años,9998,,2017,1,Institutos Profesionales,Institutos Profesionales,Institutos Profesionales,100,IP INACAP,32,SEDE TEMUCO,10,"INGENIERIA EN PREVENCION DE RIESGOS, CALIDAD Y AMBIENTE",Presencial,Diurno,1,Plan Regular,8,0,8,La Araucanía,CAUTIN,TEMUCO,Pregrado,Profesional Sin Licenciatura,Carreras Profesionales,Educación Media,VIGENTE CON ALUMNOS NUEVOS,220000,1770000,0,Tecnología,Servicios,Servicios de Higiene y Salud Ocupacional,Ingeniería en Prevención de Riesgos,ACREDITADA,ACREDITADA,11/12/2016 - 11/12/2022,6,36000,0,
2017,I260S11C47J1V1,11822333,2,199106,25 a 29 años,9998,,2016,1,Centros de Formación Técnica,Centros de Formación Técnica,Centros de Formación Técnica,260,CFT SANTO TOMAS,11,SEDE TEMUCO,47,TECNICO EN ENFERMERIA,Presencial,Diurno,1,Plan Regular,5,0,5,La Araucanía,CAUTIN,TEMUCO,Pregrado,Técnico de Nivel Superior,Carreras Técnicas,Educación Media,VIGENTE CON ALUMNOS NUEVOS,62000,1779200,0,Salud,Salud y Bienestar,Salud,Técnico en Enfermería,ACREDITADA,ACREDITADA,19/12/2016 - 19/12/2019,3,0,0,
2017,I94S1C93J1V1,12067196,1,199710,15 a 19 años,2017,1,,,Universidades,Universidades CRUCH,Universidades Privadas CRUCH,94,UNIVERSIDAD CATOLICA DE TEMUCO,1,CASA CENTRAL (TEMUCO),93,DISEÑO INDUSTRIAL,Presencial,Diurno,1,Plan Regular,10,0,10,La Araucanía,CAUTIN,TEMUCO,Pregrado,Profesional Con Licenciatura,Carreras Profesionales,Educación Media,VIGENTE CON ALUMNOS NUEVOS,143000,3108000,37051,Tecnología,"Ingeniería, Industria y Construcción",Ingeniería y Profesiones Afines,Diseño Industrial,ACREDITADA,ACREDITADA,15/07/2015 - 15/07/2019,4,0,92153,
2017,I94S1C5J1V1,12277538,2,199506,20 a 24 años,2016,1,,,Universidades,Universidades CRUCH,Universidades Privadas CRUCH,94,UNIVERSIDAD CATOLICA DE TEMUCO,1,CASA CENTRAL (TEMUCO),5,EDUCACION DE PARVULOS,Presencial,Diurno,1,Plan Regular,8,0,8,La Araucanía,CAUTIN,TEMUCO,Pregrado,Profesional Con Licenciatura,Carreras Profesionales,Educación Media,VIGENTE CON ALUMNOS NUEVOS,143000,2346000,37023,Educación,Educación,Educación,Pedagogía en Educación de Párvulos,ACREDITADA,ACREDITADA,15/07/2015 - 15/07/2019,4,0,92153,
2017,I143S20C100J1V1,12785287,2,199512,20 a 24 años,2015,1,,,Institutos Profesionales,Institutos Profesionales,Institutos Profesionales,143,IP AIEP,20,SEDE TEMUCO,100,PSICOPEDAGOGIA,Presencial,Diurno,1,Plan Regular,8,1,8,La Araucanía,CAUTIN,TEMUCO,Pregrado,Profesional Sin Licenciatura,Carreras Profesionales,Educación Media,VIGENTE CON ALUMNOS NUEVOS,150000,1330000,0,Educación,Educación,Educación,Psicopedagogía,ACREDITADA,ACREDITADA,21/10/2014 - 21/10/2017,3,150000,0,
2017,I260S11C120J2V1,12786966,2,199411,20 a 24 años,2017,1,,,Centros de Formación Técnica,Centros de Formación Técnica,Centros de Formación Técnica,260,CFT SANTO TOMAS,11,SEDE TEMUCO,120,TECNICO EN ADMINISTRACION,Presencial,Vespertino,1,Plan Regular,5,0,5,La Araucanía,CAUTIN,TEMUCO,Pregrado,Técnico de Nivel Superior,Carreras Técnicas,Educación Media,VIGENTE CON ALUMNOS NUEVOS,62000,1175700,0,Administración y Comercio,Administración de Empresas y Derecho,Educación Comercial y Administración,Técnico en Administración de Empresas,ACREDITADA,ACREDITADA,19/12/2016 - 19/12/2019,3,0,0,
2017,I143S20C113J2V2,13910727,2,199801,15 a 19 años,2017,1,,,Institutos Profesionales,Institutos Profesionales,Institutos Profesionales,143,IP AIEP,20,SEDE TEMUCO,113,INGENIERIA DE EJECUCION EN ADMINISTRACION DE EMPRESAS MENCION RECURSOS HUMANOS,Presencial,Vespertino,2,Plan Regular,8,1,8,La Araucanía,CAUTIN,TEMUCO,Pregrado,Profesional Sin Licenciatura,Carreras Profesionales,Educación Media,VIGENTE CON ALUMNOS NUEVOS,150000,1350000,0,Administración y Comercio,Administración de Empresas y Derecho,Educación Comercial y Administración,Administración de Empresas e Ing. Asociadas,ACREDITADA,ACREDITADA,21/10/2014 - 21/10/2017,3,150000,0,
2017,I280S13C380J1V1,15040780,2,199411,20 a 24 años,2017,1,,,Centros de Formación Técnica,Centros de Formación Técnica,Centros de Formación Técnica,280,CFT LOS LAGOS,13,SEDE TEMUCO,380,TECNICO EN EDUCACION PARVULARIA Y PRIMER CICLO DE ENSEÑANZA GENERAL BASICA,Presencial,Diurno,1,Plan Regular,4,1,5,La Araucanía,CAUTIN,TEMUCO,Pregrado,Técnico de Nivel Superior,Carreras Técnicas,Educación Media,VIGENTE CON ALUMNOS NUEVOS,30000,870000,0,Educación,Educación,Educación,Técnico Asistente del Educador de Párvulos,NO ACREDITADA,NO ACREDITADA,-,,195000,150000,
2017,I94S1C5J1V1,16702629,2,199401,20 a 24 años,9998,,2015,1,Universidades,Universidades CRUCH,Universidades Privadas CRUCH,94,UNIVERSIDAD CATOLICA DE TEMUCO,1,CASA CENTRAL (TEMUCO),5,EDUCACION DE PARVULOS,Presencial,Diurno,1,Plan Regular,8,0,8,La Araucanía,CAUTIN,TEMUCO,Pregrado,Profesional Con Licenciatura,Carreras Profesionales,Educación Media,VIGENTE CON ALUMNOS NUEVOS,143000,2346000,37023,Educación,Educación,Educación,Pedagogía en Educación de Párvulos,ACREDITADA,ACREDITADA,15/07/2015 - 15/07/2019,4,0,92153,
2017,I31S1C12J1V1,18360941,2,199412,20 a 24 años,9999,1,2013,1,Universidades,Universidades Privadas,Universidades Privadas,31,UNIVERSIDAD AUTONOMA DE CHILE,1,CASA CENTRAL (TEMUCO),12,PSICOLOGIA,Presencial,Diurno,1,Plan Regular,10,1,10,La Araucanía,CAUTIN,TEMUCO,Pregrado,Profesional Con Licenciatura,Carreras Profesionales,Educación Media,VIGENTE CON ALUMNOS NUEVOS,215000,3062800,0,Ciencias Sociales,"Ciencias Sociales, Periodismo e Información",Ciencias Sociales y del Comportamiento,Psicología,ACREDITADA,ACREDITADA,28/10/2015 - 28/10/2019,4,357652,0,
2017,I103S6C82J2V1,20919064,2,199505,20 a 24 años,2016,1,,,Institutos Profesionales,Institutos Profesionales,Institutos Profesionales,103,IP INSTITUTO DE ESTUDIOS BANCARIOS GUILLERMO SUBERCASEAUX,6,SEDE TEMUCO,82,INGENIERIA EN ADMINISTRACION DE EMPRESAS FINANCIERAS,Presencial,Vespertino,1,Plan Especial,4,1,4,La Araucanía,CAUTIN,TEMUCO,Pregrado,Profesional Sin Licenciatura,Carreras Profesionales,Técnico de Nivel Superior,VIGENTE CON ALUMNOS NUEVOS,170000,1735000,0,Administración y Comercio,Administración de Empresas y Derecho,Educación Comercial y Administración,Administración de Empresas e Ing. Asociadas,NO ACREDITADA,ACREDITADA,16/12/2014 - 16/12/2017,3,200000,0,
2017,I143S20C26J1V1,21106361,1,199808,15 a 19 años,2017,1,,,Institutos Profesionales,Institutos Profesionales,Institutos Profesionales,143,IP AIEP,20,SEDE TEMUCO,26,TECNICO EN CONSTRUCCION,Presencial,Diurno,1,Plan Regular,5,1,5,La Araucanía,CAUTIN,TEMUCO,Pregrado,Técnico de Nivel Superior,Carreras Técnicas,Educación Media,VIGENTE CON ALUMNOS NUEVOS,150000,1300000,0,Tecnología,"Ingeniería, Industria y Construcción",Arquitectura y Construcción,Técnico en Construcción y Obras Civiles,ACREDITADA,ACREDITADA,21/10/2014 - 21/10/2017,3,400000,0,
2017,I430S28C43J2V1,23844857,1,199812,15 a 19 años,2017,1,,,Centros de Formación Técnica,Centros de Formación Técnica,Centros de Formación Técnica,430,CFT INACAP,28,SEDE TEMUCO,43,AUTOMATIZACION Y CONTROL INDUSTRIAL,Presencial,Vespertino,1,Plan Regular,4,0,4,La Araucanía,CAUTIN,TEMUCO,Pregrado,Técnico de Nivel Superior,Carreras Técnicas,Educación Media,VIGENTE CON ALUMNOS NUEVOS,220000,1726000,0,Tecnología,"Ingeniería, Industria y Construcción",Ingeniería y Profesiones Afines,"Técnico en Instrumentación, Automatización y Control Industrial",ACREDITADA,ACREDITADA,04/01/2012 - 04/01/2018,6,86000,0,
2016,I430S28C78J2V1,260950,1,199308,20 a 24 años,2015,1,,,Centros de Formación Técnica,Centros de Formación Técnica,Centros de Formación Técnica,430,CFT INACAP,28,SEDE TEMUCO,78,ELECTRICIDAD INDUSTRIAL MENCION INSTALACIONES ELECTRICAS,Presencial,Vespertino,1,Plan Regular,5,0,5,La Araucanía,CAUTIN,TEMUCO,Pregrado,Técnico de Nivel Superior,Carreras Técnicas,Educación Media,VIGENTE CON ALUMNOS NUEVOS,200000,1626000,0,Tecnología,"Ingeniería, Industria y Construcción",Ingeniería y Profesiones Afines,Técnico en Electricidad y Electricidad Industrial,ACREDITADA,ACREDITADA,04/01/2012 - 04/01/2018,6,36000,,
2016,I117S1C59J4V1,1034661,2,199408,20 a 24 años,2016,1,,,Institutos Profesionales,Institutos Profesionales,Institutos Profesionales,117,IP INSTITUTO SUPERIOR DE ARTES Y CIENCIAS DE LA COMUNICACION,1,CASA CENTRAL (SANTIAGO),59,TECNICO EN GESTION DE CALIDAD Y AMBIENTE,No Presencial,A Distancia,1,Plan Regular,5,1,5,Metropolitana,SANTIAGO,PROVIDENCIA,Pregrado,Técnico de Nivel Superior,Carreras Técnicas,Educación Media,VIGENTE CON ALUMNOS NUEVOS,50000,1180000,0,Tecnología,"Ingeniería, Industria y Construcción",Ingeniería y Profesiones Afines,Técnico en Medio Ambiente (Control y Gestión),NO ACREDITADA,NO ACREDITADA,,,78000,0,
2016,I633S0C41J1V1,4173090,2,199309,20 a 24 años,2014,1,2014,1,Centros de Formación Técnica,Centros de Formación Técnica,Centros de Formación Técnica,633,CFT TEODORO WICKEL KLUWEN,0,CASA CENTRAL (TEMUCO),41,TECNICO DE NIVEL SUPERIOR EN ENFERMERIA,Presencial,Diurno,1,Plan Regular,5,1,6,La Araucanía,CAUTIN,TEMUCO,Pregrado,Técnico de Nivel Superior,Carreras Técnicas,Educación Media,VIGENTE CON ALUMNOS NUEVOS,98000,1445000,0,Salud,Salud y Bienestar,Salud,Técnico en Enfermería,NO ACREDITADA,ACREDITADA,12/08/2015 - 12/08/2017,2,541875,64000,
2016,I430S21C138J2V2,11044072,2,199603,20 a 24 años,2014,1,,,Centros de Formación Técnica,Centros de Formación Técnica,Centros de Formación Técnica,430,CFT INACAP,21,SEDE PUNTA ARENAS,138,PREVENCION DE RIESGOS,Presencial,Vespertino,2,Plan Regular,4,0,4,Magallanes,MAGALLANES,PUNTA ARENAS,Pregrado,Técnico de Nivel Superior,Carreras Técnicas,Educación Media,VIGENTE CON ALUMNOS NUEVOS,200000,1600000,0,Tecnología,Servicios,Servicios de Higiene y Salud Ocupacional,Técnico en Prevención de Riesgos,ACREDITADA,ACREDITADA,04/01/2012 - 04/01/2018,6,36000,,
2016,I260S11C47J1V1,11822333,2,199106,25 a 29 años,9998,,2016,1,Centros de Formación Técnica,Centros de Formación Técnica,Centros de Formación Técnica,260,CFT SANTO TOMAS,11,SEDE TEMUCO,47,TECNICO EN ENFERMERIA,Presencial,Diurno,1,Plan Regular,5,1,5,La Araucanía,CAUTIN,TEMUCO,Pregrado,Técnico de Nivel Superior,Carreras Técnicas,Educación Media,VIGENTE CON ALUMNOS NUEVOS,62000,1699900,0,Salud,Salud y Bienestar,Salud,Técnico en Enfermería,ACREDITADA,ACREDITADA,18/12/2013 - 18/12/2016,3,0,0,
2016,I94S1C5J1V1,12277538,2,199506,20 a 24 años,2016,1,,,Universidades,Universidades CRUCH,Universidades Privadas CRUCH,94,UNIVERSIDAD CATOLICA DE TEMUCO,1,CASA CENTRAL (TEMUCO),5,EDUCACION DE PARVULOS,Presencial,Diurno,1,Plan Regular,8,0,8,La Araucanía,CAUTIN,TEMUCO,Pregrado,Profesional Con Licenciatura,Carreras Profesionales,Educación Media,VIGENTE CON ALUMNOS NUEVOS,136500,2234000,37023,Educación,Educación,Educación,Pedagogía en Educación de Párvulos,ACREDITADA,ACREDITADA,15/07/2015 - 15/07/2019,4,,0,
2016,I143S20C100J1V1,12785287,2,199512,20 a 24 años,2015,1,,,Institutos Profesionales,Institutos Profesionales,Institutos Profesionales,143,IP AIEP,20,SEDE TEMUCO,100,PSICOPEDAGOGIA,Presencial,Diurno,1,Plan Regular,8,1,8,La Araucanía,CAUTIN,TEMUCO,Pregrado,Profesional Sin Licenciatura,Carreras Profesionales,Educación Media,VIGENTE CON ALUMNOS NUEVOS,140000,1220000,0,Educación,Educación,Educación,Psicopedagogía,ACREDITADA,ACREDITADA,21/10/2014 - 21/10/2017,3,0,0,
2016,I143S20C324J1V1,14616301,2,199508,20 a 24 años,2014,1,,,Institutos Profesionales,Institutos Profesionales,Institutos Profesionales,143,IP AIEP,20,SEDE TEMUCO,324,TECNICO EN ENFERMERIA MENCION PEDIATRIA,Presencial,Diurno,1,Plan Regular,5,1,5,La Araucanía,CAUTIN,TEMUCO,Pregrado,Técnico de Nivel Superior,Carreras Técnicas,Educación Media,VIGENTE SIN ALUMNOS NUEVOS,140000,1650000,0,Salud,Salud y Bienestar,Salud,Técnico en Enfermería,ACREDITADA,ACREDITADA,21/10/2014 - 21/10/2017,3,0,577500,
2016,I94S1C5J1V1,16702629,2,199401,20 a 24 años,2015,1,,,Universidades,Universidades CRUCH,Universidades Privadas CRUCH,94,UNIVERSIDAD CATOLICA DE TEMUCO,1,CASA CENTRAL (TEMUCO),5,EDUCACION DE PARVULOS,Presencial,Diurno,1,Plan Regular,8,0,8,La Araucanía,CAUTIN,TEMUCO,Pregrado,Profesional Con Licenciatura,Carreras Profesionales,Educación Media,VIGENTE CON ALUMNOS NUEVOS,136500,2234000,37023,Educación,Educación,Educación,Pedagogía en Educación de Párvulos,ACREDITADA,ACREDITADA,15/07/2015 - 15/07/2019,4,,0,
2016,I123S5C5J1V1,18360941,2,199412,20 a 24 años,2015,1,,,Institutos Profesionales,Institutos Profesionales,Institutos Profesionales,123,IP DE CHILE,5,SEDE TEMUCO,5,PSICOPEDAGOGIA,Presencial,Diurno,1,Plan Regular,8,1,8,La Araucanía,CAUTIN,TEMUCO,Pregrado,Profesional Sin Licenciatura,Carreras Profesionales,Educación Media,VIGENTE CON ALUMNOS NUEVOS,0,1289900,0,Educación,Educación,Educación,Psicopedagogía,ACREDITADA,ACREDITADA,12/03/2015 - 12/03/2019,4,297500,0,
2016,I31S1C12J1V1,18360941,2,199412,20 a 24 años,9998,1,2013,1,Universidades,Universidades Privadas,Universidades Privadas,31,UNIVERSIDAD AUTONOMA DE CHILE,1,CASA CENTRAL (TEMUCO),12,PSICOLOGIA,Presencial,Diurno,1,Plan Regular,10,1,11,La Araucanía,CAUTIN,TEMUCO,Pregrado,Profesional Con Licenciatura,Carreras Profesionales,Educación Media,VIGENTE CON ALUMNOS NUEVOS,206000,2945000,0,Ciencias Sociales,"Ciencias Sociales, Periodismo e Información",Ciencias Sociales y del Comportamiento,Psicología,ACREDITADA,ACREDITADA,28/10/2015 - 28/10/2019,4,347050,82000,
2016,I103S6C82J2V1,20919064,2,199505,20 a 24 años,2016,1,,,Institutos Profesionales,Institutos Profesionales,Institutos Profesionales,103,IP INSTITUTO DE ESTUDIOS BANCARIOS GUILLERMO SUBERCASEAUX,6,SEDE TEMUCO,82,INGENIERIA EN ADMINISTRACION DE EMPRESAS FINANCIERAS,Presencial,Vespertino,1,Plan Especial,4,1,4,La Araucanía,CAUTIN,TEMUCO,Pregrado,Profesional Sin Licenciatura,Carreras Profesionales,Técnico de Nivel Superior,VIGENTE CON ALUMNOS NUEVOS,160000,1620000,0,Administración y Comercio,Administración de Empresas y Derecho,Educación Comercial y Administración,Administración de Empresas e Ing. Asociadas,NO ACREDITADA,ACREDITADA,16/12/2014 - 16/12/2017,3,200000,0,
2015,I430S28C78J2V1,260950,1,199308,20 a 24 años,2015,1,,,Centros de Formación Técnica,Centros de Formación Técnica,Centros de Formación Técnica,430,CFT INACAP,28,SEDE TEMUCO,78,ELECTRICIDAD INDUSTRIAL MENCION INSTALACIONES ELECTRICAS,Presencial,Vespertino,1,Plan Regular,5,0,5,La Araucanía,CAUTIN,TEMUCO,Pregrado,Técnico de Nivel Superior,Carreras Técnicas,Educación Media,VIGENTE CON ALUMNOS NUEVOS,200000,1510000,,Tecnología,"Ingeniería, Industria y Construcción",Ingeniería y Profesiones Afines,Técnico en Electricidad y Electricidad Industrial,ACREDITADA,ACREDITADA,04/01/2012 - 04/01/2018,6,36000,,
2015,I633S0C41J2V1,4173090,2,199309,20 a 24 años,2014,1,,,Centros de Formación Técnica,Centros de Formación Técnica,Centros de Formación Técnica,633,CFT TEODORO WICKEL KLUWEN,0,CASA CENTRAL (TEMUCO),41,TECNICO DE NIVEL SUPERIOR EN ENFERMERIA,Presencial,Vespertino,1,Plan Regular,5,1,6,La Araucanía,CAUTIN,TEMUCO,Pregrado,Técnico de Nivel Superior,Carreras Técnicas,Educación Media,VIGENTE CON ALUMNOS NUEVOS,98000,1381000,,Salud,Salud y Bienestar,Salud,Técnico en Enfermería,NO ACREDITADA,NO ACREDITADA,,,517875,64000,
2015,I10S4C32J1V1,6180407,2,199209,20 a 24 años,2013,1,,,Universidades,Universidades Privadas,Universidades Privadas,10,UNIVERSIDAD MAYOR,4,SEDE TEMUCO,32,DERECHO,Presencial,Diurno,1,Plan Regular,10,0,10,La Araucanía,CAUTIN,TEMUCO,Pregrado,Profesional Con Licenciatura,Carreras Profesionales,Educación Media,VIGENTE CON ALUMNOS NUEVOS,362800,3146932,39403,Derecho,Administración de Empresas y Derecho,Derecho,Derecho,NO ACREDITADA,ACREDITADA,20/05/2015 - 20/05/2020,5,154945,0,
2015,I143S20C71J1V1,7917683,2,199212,20 a 24 años,2012,1,2012,1,Institutos Profesionales,Institutos Profesionales,Institutos Profesionales,143,IP AIEP,20,SEDE TEMUCO,71,TECNICO EN ENFERMERIA MENCION GERIATRIA,Presencial,Diurno,1,Plan Regular,5,1,5,La Araucanía,CAUTIN,TEMUCO,Pregrado,Técnico de Nivel Superior,Carreras Técnicas,Educación Media,VIGENTE CON ALUMNOS NUEVOS,130000,1450000,,Salud,Salud y Bienestar,Salud,Técnico en Enfermería,ACREDITADA,ACREDITADA,21/10/2014 - 21/10/2017,3,507500,0,
2015,I123S5C43J2V1,9876894,1,199403,20 a 24 años,2013,1,,,Institutos Profesionales,Institutos Profesionales,Institutos Profesionales,123,IP DE CHILE,5,SEDE TEMUCO,43,TECNICO EN MECANICA AUTOMOTRIZ Y AUTOTRONICA,Presencial,Vespertino,1,Plan Regular,5,1,5,La Araucanía,CAUTIN,TEMUCO,Pregrado,Técnico de Nivel Superior,Carreras Técnicas,Educación Media,VIGENTE CON ALUMNOS NUEVOS,89900,1129900,,Tecnología,"Ingeniería, Industria y Construcción",Ingeniería y Profesiones Afines,Técnico en Mecánica Automotriz,NO ACREDITADA,ACREDITADA,12/03/2015 - 12/03/2019,4,218000,10000,
2015,I430S21C138J2V2,11044072,2,199603,15 a 19 años,9998,1,2014,1,Centros de Formación Técnica,Centros de Formación Técnica,Centros de Formación Técnica,430,CFT INACAP,21,SEDE PUNTA ARENAS,138,PREVENCION DE RIESGOS,Presencial,Vespertino,2,Plan Regular,4,0,4,Magallanes,MAGALLANES,PUNTA ARENAS,Pregrado,Técnico de Nivel Superior,Carreras Técnicas,Educación Media,VIGENTE CON ALUMNOS NUEVOS,200000,1470000,,Tecnología,Servicios,Servicios de Higiene y Salud Ocupacional,Técnico en Prevención de Riesgos,ACREDITADA,ACREDITADA,04/01/2012 - 04/01/2018,6,36000,,
2015,I260S11C316J1V1,11822333,2,199106,20 a 24 años,2015,1,,,Centros de Formación Técnica,Centros de Formación Técnica,Centros de Formación Técnica,260,CFT SANTO TOMAS,11,SEDE TEMUCO,316,TECNICO EN ENFERMERIA MENCION TERAPIAS COMPLEMENTARIAS,Presencial,Diurno,1,Plan Regular,5,1,5,La Araucanía,CAUTIN,TEMUCO,Pregrado,Técnico de Nivel Superior,Carreras Técnicas,Educación Media,VIGENTE CON ALUMNOS NUEVOS,62000,1615800,,Salud,Salud y Bienestar,Salud,Técnico en Enfermería,NO ACREDITADA,ACREDITADA,18/12/2013 - 18/12/2016,3,0,0,
2015,I143S20C29J1V1,12277538,2,199506,20 a 24 años,2013,1,2013,1,Institutos Profesionales,Institutos Profesionales,Institutos Profesionales,143,IP AIEP,20,SEDE TEMUCO,29,ASISTENTE DE PARVULO,Presencial,Diurno,1,Plan Regular,5,1,5,La Araucanía,CAUTIN,TEMUCO,Pregrado,Técnico de Nivel Superior,Carreras Técnicas,Educación Media,VIGENTE CON ALUMNOS NUEVOS,130000,1090000,,Educación,Educación,Educación,Técnico Asistente del Educador de Párvulos,ACREDITADA,ACREDITADA,21/10/2014 - 21/10/2017,3,381500,0,
2015,I143S20C100J1V1,12785287,2,199512,15 a 19 años,2015,1,2015,1,Institutos Profesionales,Institutos Profesionales,Institutos Profesionales,143,IP AIEP,20,SEDE TEMUCO,100,PSICOPEDAGOGIA,Presencial,Diurno,1,Plan Regular,9,1,9,La Araucanía,CAUTIN,TEMUCO,Pregrado,Profesional Sin Licenciatura,Carreras Profesionales,Educación Media,VIGENTE CON ALUMNOS NUEVOS,130000,1120000,,Educación,Educación,Educación,Psicopedagogía,ACREDITADA,ACREDITADA,21/10/2014 - 21/10/2017,3,130000,0,
2015,I143S20C324J1V1,14616301,2,199508,15 a 19 años,2014,1,2014,1,Institutos Profesionales,Institutos Profesionales,Institutos Profesionales,143,IP AIEP,20,SEDE TEMUCO,324,TECNICO EN ENFERMERIA MENCION PEDIATRIA,Presencial,Diurno,1,Plan Regular,5,1,5,La Araucanía,CAUTIN,TEMUCO,Pregrado,Técnico de Nivel Superior,Carreras Técnicas,Educación Media,VIGENTE CON ALUMNOS NUEVOS,130000,1450000,,Salud,Salud y Bienestar,Salud,Técnico en Enfermería,ACREDITADA,ACREDITADA,21/10/2014 - 21/10/2017,3,507500,0,
2015,I116S17C148J2V1,15040780,2,199411,20 a 24 años,2014,1,,,Institutos Profesionales,Institutos Profesionales,Institutos Profesionales,116,IP SANTO TOMAS,17,SEDE TEMUCO,148,INGENIERIA EN PREVENCION DE RIESGOS,Presencial,Vespertino,1,Plan Regular,8,1,8,La Araucanía,CAUTIN,TEMUCO,Pregrado,Profesional Sin Licenciatura,Carreras Profesionales,Educación Media,VIGENTE CON ALUMNOS NUEVOS,86000,1354100,,Tecnología,Servicios,Servicios de Higiene y Salud Ocupacional,Ingeniería en Prevención de Riesgos,ACREDITADA,ACREDITADA,25/11/2014 - 25/11/2017,3,0,0,
2015,I94S1C5J1V1,16702629,2,199401,20 a 24 años,2015,1,,,Universidades,Universidades CRUCH,Universidades Privadas CRUCH,94,UNIVERSIDAD CATOLICA DE TEMUCO,1,CASA CENTRAL (TEMUCO),5,EDUCACION DE PARVULOS,Presencial,Diurno,1,Plan Regular,9,0,9,La Araucanía,CAUTIN,TEMUCO,Pregrado,Profesional Con Licenciatura,Carreras Profesionales,Educación Media,VIGENTE CON ALUMNOS NUEVOS,130000,2128000,37023,Educación,Educación,Educación,Pedagogía en Educación de Párvulos,ACREDITADA,ACREDITADA,09/12/2009 - 10/06/2015,5,86642,,
2015,I123S5C5J1V1,18360941,2,199412,20 a 24 años,2015,1,,,Institutos Profesionales,Institutos Profesionales,Institutos Profesionales,123,IP DE CHILE,5,SEDE TEMUCO,5,PSICOPEDAGOGIA,Presencial,Diurno,1,Plan Regular,8,1,9,La Araucanía,CAUTIN,TEMUCO,Pregrado,Profesional Sin Licenciatura,Carreras Profesionales,Educación Media,VIGENTE CON ALUMNOS NUEVOS,89900,1219900,,Educación,Educación,Educación,Psicopedagogía,ACREDITADA,ACREDITADA,12/03/2015 - 12/03/2019,4,286000,10000,
2015,I390S1C6J2V1,18975875,2,198909,25 a 29 años,2013,1,,,Centros de Formación Técnica,Centros de Formación Técnica,Centros de Formación Técnica,390,CFT INSTITUTO TECNOLOGICO DE CHILE - I.T.C.,1,CASA CENTRAL (SANTIAGO),6,PREVENCION DE RIESGOS Y MEDIO AMBIENTE,Presencial,Vespertino,1,Plan Regular,5,1,5,Metropolitana,SANTIAGO,SANTIAGO,Pregrado,Técnico de Nivel Superior,Carreras Técnicas,,VIGENTE CON ALUMNOS NUEVOS,60000,1625000,,Tecnología,Servicios,Servicios de Higiene y Salud Ocupacional,Técnico en Prevención de Riesgos,NO ACREDITADA,ACREDITADA,19/12/2012 - 19/12/2015,3,243750,0,
2015,I103S6C2J1V1,20919064,2,199505,20 a 24 años,2014,1,,,Institutos Profesionales,Institutos Profesionales,Institutos Profesionales,103,IP INSTITUTO DE ESTUDIOS BANCARIOS GUILLERMO SUBERCASEAUX,6,SEDE TEMUCO,2,TECNICO FINANCIERO,Presencial,Diurno,1,Plan Regular,4,1,4,La Araucanía,CAUTIN,TEMUCO,Pregrado,Técnico de Nivel Superior,Carreras Técnicas,Educación Media,VIGENTE CON ALUMNOS NUEVOS,150000,1395000,,Administración y Comercio,Administración de Empresas y Derecho,Educación Comercial y Administración,Técnico en Administración Financiera y Finanzas,NO ACREDITADA,ACREDITADA,16/12/2014 - 16/12/2017,3,85000,0,
2014,I633S0C41J1V1,4173090,2,199309,20 a 24 años,2014,1,,,Centros de Formación Técnica,Centros de Formación Técnica,Centros de Formación Técnica,633,CFT TEODORO WICKEL KLUWEN,0,CASA CENTRAL (TEMUCO),41,TECNICO DE NIVEL SUPERIOR EN ENFERMERIA,Presencial,Diurno,1,Plan Regular,5,1,6,La Araucanía,CAUTIN,TEMUCO,Pregrado,Técnico de Nivel Superior,Carreras Técnicas,,,98000,1322000,,Salud,Salud y Bienestar,Salud,Técnico en Enfermería,NO ACREDITADA,NO ACREDITADA,,,495750,64000,
2014,I100S32C169J1V1,5784516,1,199005,20 a 24 años,2011,1,,,Institutos Profesionales,Institutos Profesionales,Institutos Profesionales,100,IP INACAP,32,SEDE TEMUCO,169,INGENIERIA AGRICOLA,Presencial,Diurno,1,Plan Regular,8,0,8,La Araucanía,CAUTIN,TEMUCO,Pregrado,Profesional Sin Licenciatura,Carreras Profesionales,,,200000,1523000,,Agropecuaria,"Agricultura, Silvicultura, Pesca y Veterinaria",Agricultura,Ingeniería Agrícola,NO ACREDITADA,ACREDITADA,10/12/2010 - 10/12/2016,6,50000,,
2014,I10S4C32J1V1,6180407,2,199209,20 a 24 años,2013,1,,,Universidades,Universidades Privadas,Universidades Privadas,10,UNIVERSIDAD MAYOR,4,SEDE TEMUCO,32,DERECHO,Presencial,Diurno,1,Plan Regular,10,0,10,La Araucanía,CAUTIN,TEMUCO,Pregrado,Profesional Con Licenciatura,Carreras Profesionales,,,335900,2913812,39403,Derecho,Administración de Empresas y Derecho,Derecho,Derecho,NO ACREDITADA,ACREDITADA,16/12/2009 - 14/04/2015,5,150000,0,
2014,I143S20C71J1V1,7917683,2,199212,20 a 24 años,2012,1,,,Institutos Profesionales,Institutos Profesionales,Institutos Profesionales,143,IP AIEP,20,SEDE TEMUCO,71,TECNICO EN ENFERMERIA MENCION GERIATRIA,Presencial,Diurno,1,Plan Regular,5,1,5,La Araucanía,CAUTIN,TEMUCO,Pregrado,Técnico de Nivel Superior,Carreras Técnicas,,,120000,1370000,,Salud,Salud y Bienestar,Salud,Técnico en Enfermería,ACREDITADA,ACREDITADA,20/10/2010 - 20/10/2014,4,540000,55000,
2014,I123S5C43J2V1,9876894,1,199403,20 a 24 años,2013,1,,,Institutos Profesionales,Institutos Profesionales,Institutos Profesionales,123,IP DE CHILE,5,SEDE TEMUCO,43,TECNICO EN MECANICA AUTOMOTRIZ Y AUTOTRONICA,Presencial,Vespertino,1,Plan Regular,4,1,5,La Araucanía,CAUTIN,TEMUCO,Pregrado,Técnico de Nivel Superior,Carreras Técnicas,,,0,1055700,,Tecnología,"Ingeniería, Industria y Construcción",Ingeniería y Profesiones Afines,Técnico en Mecánica Automotriz,NO ACREDITADA,ACREDITADA,29/12/2010 - 29/03/2015,4,197932,0,
2014,I430S21C138J2V2,11044072,2,199603,15 a 19 años,9998,1,2014,1,Centros de Formación Técnica,Centros de Formación Técnica,Centros de Formación Técnica,430,CFT INACAP,21,SEDE PUNTA ARENAS,138,PREVENCION DE RIESGOS,Presencial,Vespertino,2,Plan Regular,4,0,4,Magallanes,MAGALLANES,PUNTA ARENAS,Pregrado,Técnico de Nivel Superior,Carreras Técnicas,,,200000,1467000,,Tecnología,Servicios,Servicios de Higiene y Salud Ocupacional,Técnico en Prevención de Riesgos,ACREDITADA,ACREDITADA,04/01/2012 - 04/01/2018,6,100000,,
2014,I143S20C29J1V1,12277538,2,199506,15 a 19 años,2013,1,,,Institutos Profesionales,Institutos Profesionales,Institutos Profesionales,143,IP AIEP,20,SEDE TEMUCO,29,ASISTENTE DE PARVULO,Presencial,Diurno,1,Plan Regular,5,1,5,La Araucanía,CAUTIN,TEMUCO,Pregrado,Técnico de Nivel Superior,Carreras Técnicas,,,120000,1030000,,Educación,Educación,Educación,Técnico Asistente del Educador de Párvulos,ACREDITADA,ACREDITADA,20/10/2010 - 20/10/2014,4,410000,55000,
2014,I260S11C280J1V1,13319209,2,199506,15 a 19 años,2014,1,,,Centros de Formación Técnica,Centros de Formación Técnica,Centros de Formación Técnica,260,CFT SANTO TOMAS,11,SEDE TEMUCO,280,GASTRONOMIA INTERNACIONAL Y TRADICIONAL CHILENA,Presencial,Diurno,1,Plan Regular,5,1,5,La Araucanía,CAUTIN,TEMUCO,Pregrado,Técnico de Nivel Superior,Carreras Técnicas,,,62000,1393800,,Administración y Comercio,Servicios,Servicios personales,Técnico en Gastronomía y Cocina,ACREDITADA,ACREDITADA,18/12/2013 - 18/12/2016,3,0,0,
2014,I143S20C324J1V1,14616301,2,199508,15 a 19 años,2014,1,,,Institutos Profesionales,Institutos Profesionales,Institutos Profesionales,143,IP AIEP,20,SEDE TEMUCO,324,TECNICO EN ENFERMERIA MENCION PEDIATRIA,Presencial,Diurno,1,Plan Regular,5,1,5,La Araucanía,CAUTIN,TEMUCO,Pregrado,Técnico de Nivel Superior,Carreras Técnicas,,,120000,1370000,,Salud,Salud y Bienestar,Salud,Técnico en Enfermería,ACREDITADA,ACREDITADA,20/10/2010 - 20/10/2014,4,540000,55000,
2014,I116S17C148J2V1,15040780,2,199411,15 a 19 años,2014,1,,,Institutos Profesionales,Institutos Profesionales,Institutos Profesionales,116,IP SANTO TOMAS,17,SEDE TEMUCO,148,INGENIERIA EN PREVENCION DE RIESGOS,Presencial,Vespertino,1,Plan Regular,8,1,8,La Araucanía,CAUTIN,TEMUCO,Pregrado,Profesional Sin Licenciatura,Carreras Profesionales,,,86000,1278600,,Tecnología,Servicios,Servicios de Higiene y Salud Ocupacional,Ingeniería en Prevención de Riesgos,ACREDITADA,ACREDITADA,24/11/2010 - 24/11/2014,4,0,0,
2014,I94S1C214J1V1,16702629,2,199401,20 a 24 años,2013,1,,,Universidades,Universidades CRUCH,Universidades Privadas CRUCH,94,UNIVERSIDAD CATOLICA DE TEMUCO,1,CASA CENTRAL (TEMUCO),214,TECNICO UNIVERSITARIO EN EDUCACION DE PARVULOS,Presencial,Diurno,1,Plan Regular,4,0,4,La Araucanía,CAUTIN,TEMUCO,Pregrado,Técnico de Nivel Superior,Carreras Técnicas,,,95000,980000,37083,Educación,Educación,Educación,Técnico Asistente del Educador de Párvulos,NO ACREDITADA,ACREDITADA,09/12/2009 - 10/06/2015,5,,81345,
2014,I390S1C47J2V2,18975875,2,198909,20 a 24 años,2013,1,,,Centros de Formación Técnica,Centros de Formación Técnica,Centros de Formación Técnica,390,CFT INSTITUTO TECNOLOGICO DE CHILE - I.T.C.,1,CASA CENTRAL (SANTIAGO),47,TECNICO EN PREVENCION DE RIESGOS,Presencial,Vespertino,2,Plan Regular,4,1,5,Metropolitana,SANTIAGO,SANTIAGO,Pregrado,Técnico de Nivel Superior,Carreras Técnicas,,,58000,1264000,,Tecnología,Servicios,Servicios de Higiene y Salud Ocupacional,Técnico en Prevención de Riesgos,NO ACREDITADA,ACREDITADA,19/12/2012 - 19/12/2015,3,58000,189600,
2014,I103S6C83J1V1,19736102,2,199404,20 a 24 años,2014,1,,,Institutos Profesionales,Institutos Profesionales,Institutos Profesionales,103,IP INSTITUTO DE ESTUDIOS BANCARIOS GUILLERMO SUBERCASEAUX,6,SEDE TEMUCO,83,TECNICO EN ADMINISTRACION DE EMPRESAS FINANCIERAS,Presencial,Diurno,1,Plan Regular,4,1,4,La Araucanía,CAUTIN,TEMUCO,Pregrado,Técnico de Nivel Superior,Carreras Técnicas,,,140000,1430000,,Administración y Comercio,Administración de Empresas y Derecho,Educación Comercial y Administración,Técnico en Administración de Empresas,NO ACREDITADA,ACREDITADA,15/12/2010 - 15/12/2014,4,80000,,
2014,I103S6C2J1V1,20919064,2,199505,15 a 19 años,2014,1,,,Institutos Profesionales,Institutos Profesionales,Institutos Profesionales,103,IP INSTITUTO DE ESTUDIOS BANCARIOS GUILLERMO SUBERCASEAUX,6,SEDE TEMUCO,2,TECNICO FINANCIERO,Presencial,Diurno,1,Plan Regular,4,1,4,La Araucanía,CAUTIN,TEMUCO,Pregrado,Técnico de Nivel Superior,Carreras Técnicas,,,140000,1430000,,Administración y Comercio,Administración de Empresas y Derecho,Educación Comercial y Administración,Técnico en Administración Financiera y Finanzas,NO ACREDITADA,ACREDITADA,15/12/2010 - 15/12/2014,4,80000,,
2014,I48S4C24J2V1,22410171,2,199111,20 a 24 años,2014,1,2014,1,Universidades,Universidades Privadas,Universidades Privadas,48,UNIVERSIDAD LOS LEONES,4,CASA CENTRAL (SANTIAGO),24,PEDAGOGIA EN EDUCACION DIFERENCIAL,Presencial,Vespertino,1,Plan Regular,8,1,8,Metropolitana,SANTIAGO,SANTIAGO,Pregrado,Profesional Con Licenciatura,Carreras Profesionales,,,110000,1250000,,Educación,Educación,Educación,Pedagogía en Educación Diferencial,ACREDITADA,NO ACREDITADA,,,,15000,
2013,I280S13C22J2V1,4173090,2,199309,15 a 19 años,2012,1,,,Centros de Formación Técnica,Centros de Formación Técnica,Centros de Formación Técnica,280,CFT LOS LAGOS,13,SEDE TEMUCO,22,TECNICO EN ENFERMERIA,Presencial,Vespertino,1,Plan Regular,4,1,5,La Araucanía,CAUTIN,TEMUCO,Pregrado,Técnico de Nivel Superior,Carreras Técnicas,,,30000,770000,,Salud,Salud y Bienestar,Salud,Técnico en Enfermería,NO ACREDITADA,NO ACREDITADA,,,,,
2013,I260S11C84J1V1,4498732,2,199302,20 a 24 años,2011,1,,,Centros de Formación Técnica,Centros de Formación Técnica,Centros de Formación Técnica,260,CFT SANTO TOMAS,11,SEDE TEMUCO,84,TOPOGRAFIA,Presencial,Diurno,1,Plan Regular,5,1,5,La Araucanía,CAUTIN,TEMUCO,Pregrado,Técnico de Nivel Superior,Carreras Técnicas,,,62000,980000,,Tecnología,"Ingeniería, Industria y Construcción",Arquitectura y Construcción,Técnico en Topografía,NO ACREDITADA,ACREDITADA,DICIEMBRE DE 2009 HASTA DICIEMBRE DE 2013,4,,,
2013,I100S32C169J1V1,5784516,1,199005,20 a 24 años,2011,1,,,Institutos Profesionales,Institutos Profesionales,Institutos Profesionales,100,IP INACAP,32,SEDE TEMUCO,169,INGENIERIA AGRICOLA,Presencial,Diurno,1,Plan Regular,8,0,8,La Araucanía,CAUTIN,TEMUCO,Pregrado,Profesional Sin Licenciatura,Carreras Profesionales,,,200000,1479000,,Agropecuaria,"Agricultura, Silvicultura, Pesca y Veterinaria",Agricultura,Ingeniería Agrícola,NO ACREDITADA,ACREDITADA,DICIEMBRE DE 2010 HASTA DICIEMBRE DE 2016,6,,,
2013,I10S4C32J1V1,6180407,2,199209,20 a 24 años,2013,1,,,Universidades,Universidades Privadas,Universidades Privadas,10,UNIVERSIDAD MAYOR,4,SEDE TEMUCO,32,DERECHO,Presencial,Diurno,1,Plan Regular,10,0,10,La Araucanía,CAUTIN,TEMUCO,Pregrado,Profesional Con Licenciatura,Carreras Profesionales,,,320700,2782870,39403,Derecho,Administración de Empresas y Derecho,Derecho,Derecho,NO ACREDITADA,ACREDITADA,DICIEMBRE DE 2009 HASTA ABRIL DE 2015,5,0,592100,
2013,I143S20C71J1V1,7917683,2,199212,20 a 24 años,2012,1,,,Institutos Profesionales,Institutos Profesionales,Institutos Profesionales,143,IP AIEP,20,SEDE TEMUCO,71,TECNICO EN ENFERMERIA MENCION GERIATRIA,Presencial,Diurno,1,Plan Regular,5,1,5,La Araucanía,CAUTIN,TEMUCO,Pregrado,Técnico de Nivel Superior,Carreras Técnicas,,,,1300000,,Salud,Salud y Bienestar,Salud,Técnico en Enfermería,NO ACREDITADA,ACREDITADA,OCTUBRE DE 2010 HASTA OCTUBRE DE 2014,4,,,
2013,I430S28C39J1V1,8011867,2,199306,20 a 24 años,2011,1,,,Centros de Formación Técnica,Centros de Formación Técnica,Centros de Formación Técnica,430,CFT INACAP,28,SEDE TEMUCO,39,TECNICO EN ENFERMERIA,Presencial,Diurno,1,Plan Regular,4,0,4,La Araucanía,CAUTIN,TEMUCO,Pregrado,Técnico de Nivel Superior,Carreras Técnicas,,,200000,1360000,,Salud,Salud y Bienestar,Salud,Técnico en Enfermería,NO ACREDITADA,ACREDITADA,ENERO DE 2012 HASTA ENERO DE 2018,6,,,
2013,I123S5C43J2V1,9876894,1,199403,15 a 19 años,2013,1,,,Institutos Profesionales,Institutos Profesionales,Institutos Profesionales,123,IP DE CHILE,5,SEDE TEMUCO,43,TECNICO EN MECANICA AUTOMOTRIZ Y AUTOTRONICA,Presencial,Vespertino,1,Plan Regular,4,1,5,La Araucanía,CAUTIN,TEMUCO,Pregrado,Técnico de Nivel Superior,Carreras Técnicas,,,0,990000,,Tecnología,"Ingeniería, Industria y Construcción",Ingeniería y Profesiones Afines,Técnico en Mecánica Automotriz,NO ACREDITADA,ACREDITADA,DICIEMBRE DE 2010 HASTA MARZO DE 2015,4,,,
2013,I143S26C258J2V2,10072696,1,199207,20 a 24 años,2013,1,,,Institutos Profesionales,Institutos Profesionales,Institutos Profesionales,143,IP AIEP,26,SEDE BELLAVISTA,258,INGENIERIA DE EJECUCION EN INFORMATICA MENCION SEGURIDAD,Presencial,Vespertino,2,Plan Regular,9,1,9,Metropolitana,SANTIAGO,SANTIAGO,Pregrado,Profesional Sin Licenciatura,Carreras Profesionales,,,,1200000,,Tecnología,Tecnología de la Información y la Comunicación (TIC),Tecnología de la Información y la Comunicación (TIC),Ingeniería en Computación e Informática,NO ACREDITADA,ACREDITADA,OCTUBRE DE 2010 HASTA OCTUBRE DE 2014,4,,,
2013,I143S20C29J1V1,12277538,2,199506,15 a 19 años,2013,1,,,Institutos Profesionales,Institutos Profesionales,Institutos Profesionales,143,IP AIEP,20,SEDE TEMUCO,29,ASISTENTE DE PARVULO,Presencial,Diurno,1,Plan Regular,5,1,5,La Araucanía,CAUTIN,TEMUCO,Pregrado,Técnico de Nivel Superior,Carreras Técnicas,,,,980000,,Educación,Educación,Educación,Técnico Asistente del Educador de Párvulos,NO ACREDITADA,ACREDITADA,OCTUBRE DE 2010 HASTA OCTUBRE DE 2014,4,,,
2013,I94S1C214J1V1,16702629,2,199401,15 a 19 años,2013,1,,,Universidades,Universidades CRUCH,Universidades Privadas CRUCH,94,UNIVERSIDAD CATOLICA DE TEMUCO,1,CASA CENTRAL (TEMUCO),214,TECNICO UNIVERSITARIO EN EDUCACION DE PARVULOS,Presencial,Diurno,1,Plan Regular,4,0,4,La Araucanía,CAUTIN,TEMUCO,Pregrado,Técnico de Nivel Superior,Carreras Técnicas,,,90000,870000,37083,Educación,Educación,Educación,Técnico Asistente del Educador de Párvulos,NO ACREDITADA,ACREDITADA,DICIEMBRE DE 2009 HASTA JUNIO DE 2015,5,,,
2013,I31S1C12J1V1,18360941,2,199412,15 a 19 años,2013,1,,,Universidades,Universidades Privadas,Universidades Privadas,31,UNIVERSIDAD AUTONOMA DE CHILE,1,CASA CENTRAL (TEMUCO),12,PSICOLOGIA,Presencial,Diurno,1,Plan Regular,10,1,10,La Araucanía,CAUTIN,TEMUCO,Pregrado,Profesional Con Licenciatura,Carreras Profesionales,,,176000,2488784,,Ciencias Sociales,"Ciencias Sociales, Periodismo e Información",Ciencias Sociales y del Comportamiento,Psicología,NO ACREDITADA,ACREDITADA,OCTUBRE DE 2010 HASTA OCTUBRE DE 2015,5,,,
2013,I390S1C6J2V1,18975875,2,198909,20 a 24 años,2013,1,2013,1,Centros de Formación Técnica,Centros de Formación Técnica,Centros de Formación Técnica,390,CFT INSTITUTO TECNOLOGICO DE CHILE - I.T.C.,1,CASA CENTRAL (SANTIAGO),6,PREVENCION DE RIESGOS Y MEDIO AMBIENTE,Presencial,Vespertino,1,Plan Regular,5,1,6,Metropolitana,SANTIAGO,SANTIAGO,Pregrado,Técnico de Nivel Superior,Carreras Técnicas,,,,995000,,Tecnología,Servicios,Servicios de Higiene y Salud Ocupacional,Técnico en Prevención de Riesgos,NO ACREDITADA,ACREDITADA,DICIEMBRE DE 2012 HASTA DICIEMBRE DE 2015,3,,,
2012,I280S13C22J2V1,4173090,2,199309,15 a 19 años,2012,1,,,Centros de Formación Técnica,Centros de Formación Técnica,Centros de Formación Técnica,280,CFT LOS LAGOS,13,SEDE TEMUCO,22,TECNICO EN ENFERMERIA,Presencial,Vespertino,1,Plan Regular,4,1,5,La Araucanía,CAUTIN,TEMUCO,Pregrado,Técnico de Nivel Superior,Carreras Técnicas,,,0,700000,,Salud,Salud y Bienestar,Salud,Técnico en Enfermería,NO ACREDITADA,NO ACREDITADA,,,,,
2012,I260S11C84J1V1,4498732,2,199302,15 a 19 años,2011,1,,,Centros de Formación Técnica,Centros de Formación Técnica,Centros de Formación Técnica,260,CFT SANTO TOMAS,11,SEDE TEMUCO,84,TOPOGRAFIA,Presencial,Diurno,1,Plan Regular,5,1,5,La Araucanía,CAUTIN,TEMUCO,Pregrado,Técnico de Nivel Superior,Carreras Técnicas,,,31000,930000,,Tecnología,"Ingeniería, Industria y Construcción",Arquitectura y Construcción,Técnico en Topografía,NO ACREDITADA,ACREDITADA,DICIEMBRE DE 2009 HASTA DICIEMBRE DE 2013,4,,,
2012,I100S32C169J1V1,5784516,1,199005,20 a 24 años,2011,1,,,Institutos Profesionales,Institutos Profesionales,Institutos Profesionales,100,IP INACAP,32,SEDE TEMUCO,169,INGENIERIA AGRICOLA,Presencial,Diurno,1,Plan Regular,8,0,8,La Araucanía,CAUTIN,TEMUCO,Pregrado,Profesional Sin Licenciatura,Carreras Profesionales,,,200000,1435000,,Agropecuaria,"Agricultura, Silvicultura, Pesca y Veterinaria",Agricultura,Ingeniería Agrícola,NO ACREDITADA,ACREDITADA,DICIEMBRE DE 2010 HASTA DICIEMBRE DE 2016,6,50000,,
2012,I31S1C2J1V1,6180407,2,199209,15 a 19 años,2011,1,2011,1,Universidades,Universidades Privadas,Universidades Privadas,31,UNIVERSIDAD AUTONOMA DE CHILE,1,CASA CENTRAL (TEMUCO),2,DERECHO,Presencial,Diurno,1,Plan Regular,10,2,12,La Araucanía,CAUTIN,TEMUCO,Pregrado,Profesional Con Licenciatura,Carreras Profesionales,,,,2376000,,Derecho,Administración de Empresas y Derecho,Derecho,Derecho,NO ACREDITADA,ACREDITADA,OCTUBRE DE 2010 HASTA OCTUBRE DE 2015,5,,,
2012,I143S20C71J1V1,7917683,2,199212,15 a 19 años,2012,1,2012,1,Institutos Profesionales,Institutos Profesionales,Institutos Profesionales,143,IP AIEP,20,SEDE TEMUCO,71,TECNICO EN ENFERMERIA MENCION GERIATRIA,Presencial,Diurno,1,Plan Regular,5,1,5,La Araucanía,CAUTIN,TEMUCO,Pregrado,Técnico de Nivel Superior,Carreras Técnicas,,,100000,1250000,,Salud,Salud y Bienestar,Salud,Técnico en Enfermería,ACREDITADA,ACREDITADA,OCTUBRE DE 2010 HASTA OCTUBRE DE 2014,4,690000,,
2012,I430S28C39J1V1,8011867,2,199306,15 a 19 años,2011,1,,,Centros de Formación Técnica,Centros de Formación Técnica,Centros de Formación Técnica,430,CFT INACAP,28,SEDE TEMUCO,39,TECNICO EN ENFERMERIA,Presencial,Diurno,1,Plan Regular,4,0,4,La Araucanía,CAUTIN,TEMUCO,Pregrado,Técnico de Nivel Superior,Carreras Técnicas,,,200000,1291000,,Salud,Salud y Bienestar,Salud,Técnico en Enfermería,NO ACREDITADA,ACREDITADA,ENERO DE 2012 HASTA ENERO DE 2018,6,100000,,
2012,I633S0C1J2V1,11822333,2,199106,20 a 24 años,2010,1,,,Centros de Formación Técnica,Centros de Formación Técnica,Centros de Formación Técnica,633,CFT TEODORO WICKEL KLUWEN,0,CASA CENTRAL (TEMUCO),1,ASISTENTE DE ODONTOLOGIA(MODULOS),Presencial,Vespertino,1,Plan Regular,5,1,6,La Araucanía,CAUTIN,TEMUCO,Pregrado,Técnico de Nivel Superior,Carreras Técnicas,,,,835900,,Salud,Salud y Bienestar,Salud,Técnico Dental y Asistente de Odontología,NO ACREDITADA,NO ACREDITADA,,,,,
2011,I260S11C84J1V1,4498732,2,199302,15 a 19 años,2011,,,,Centros de Formación Técnica,Centros de Formación Técnica,Centros de Formación Técnica,260,CFT SANTO TOMAS,11,SEDE TEMUCO,84,TOPOGRAFIA,Presencial,Diurno,1,Plan Regular,5,1,5,La Araucanía,CAUTIN,TEMUCO,Pregrado,Técnico de Nivel Superior,Carreras Técnicas,,,31000,890000,,Tecnología,"Ingeniería, Industria y Construcción",Arquitectura y Construcción,Técnico en Topografía,NO ACREDITADA,ACREDITADA,DICIEMBRE DE 2009 HASTA DICIEMBRE DE 2013,4,,,
2011,I100S32C169J1V1,5784516,1,199005,20 a 24 años,2011,1,,,Institutos Profesionales,Institutos Profesionales,Institutos Profesionales,100,IP INACAP,32,SEDE TEMUCO,169,INGENIERIA AGRICOLA,Presencial,Diurno,1,Plan Regular,8,0,8,La Araucanía,CAUTIN,TEMUCO,Pregrado,Profesional Sin Licenciatura,Carreras Profesionales,,,197500,1417500,,Agropecuaria,"Agricultura, Silvicultura, Pesca y Veterinaria",Agricultura,Ingeniería Agrícola,NO ACREDITADA,ACREDITADA,DICIEMBRE DE 2010 HASTA DICIEMBRE DE 2016,6,,,
2011,I31S1C2J1V1,6180407,2,199209,15 a 19 años,2011,1,2011,1,Universidades,Universidades Privadas,Universidades Privadas,31,UNIVERSIDAD AUTONOMA DE CHILE,1,CASA CENTRAL (TEMUCO),2,DERECHO,Presencial,Diurno,1,Plan Regular,10,2,12,La Araucanía,CAUTIN,TEMUCO,Pregrado,Profesional Con Licenciatura,Carreras Profesionales,,,,2376000,,Derecho,Administración de Empresas y Derecho,Derecho,Derecho,NO ACREDITADA,ACREDITADA,OCTUBRE DE 2010 HASTA OCTUBRE DE 2015,5,,,
2011,I430S28C39J1V1,8011867,2,199306,15 a 19 años,2011,1,,,Centros de Formación Técnica,Centros de Formación Técnica,Centros de Formación Técnica,430,CFT INACAP,28,SEDE TEMUCO,39,TECNICO EN ENFERMERIA,Presencial,Diurno,1,Plan Regular,4,0,4,La Araucanía,CAUTIN,TEMUCO,Pregrado,Técnico de Nivel Superior,Carreras Técnicas,,,197500,1275000,,Salud,Salud y Bienestar,Salud,Técnico en Enfermería,NO ACREDITADA,ACREDITADA,OCTUBRE DE 2005 HASTA OCTUBRE DE 2011,6,,,
2011,I633S0C1J2V1,11822333,2,199106,20 a 24 años,2010,1,,,Centros de Formación Técnica,Centros de Formación Técnica,Centros de Formación Técnica,633,CFT TEODORO WICKEL KLUWEN,0,CASA CENTRAL (TEMUCO),1,ASISTENTE DE ODONTOLOGIA(MODULOS),Presencial,Vespertino,1,Plan Regular,5,1,5,La Araucanía,CAUTIN,TEMUCO,Pregrado,Técnico de Nivel Superior,Carreras Técnicas,,,81000,810000,,Salud,Salud y Bienestar,Salud,Técnico Dental y Asistente de Odontología,NO ACREDITADA,NO ACREDITADA,,,,,
2011,I143S20C83J2V1,19129894,2,199101,20 a 24 años,2011,1,2011,1,Institutos Profesionales,Institutos Profesionales,Institutos Profesionales,143,IP AIEP,20,SEDE TEMUCO,83,TECNICO EN TRABAJO SOCIAL,Presencial,Vespertino,1,Plan Regular,5,1,5,La Araucanía,CAUTIN,TEMUCO,Pregrado,Técnico de Nivel Superior,Carreras Técnicas,,,90000,900000,,Ciencias Sociales,Salud y Bienestar,Bienestar,Técnico en Servicio Social,NO ACREDITADA,ACREDITADA,OCTUBRE DE 2010 HASTA OCTUBRE DE 2014,4,,,
2010,I633S0C1J2V1,11822333,2,199106,15 a 19 años,2010,1,,,Centros de Formación Técnica,Centros de Formación Técnica,Centros de Formación Técnica,633,CFT TEODORO WICKEL KLUWEN,0,CASA CENTRAL (TEMUCO),1,ASISTENTE DE ODONTOLOGIA(MODULOS),,Vespertino,1,Plan Regular,4,1,5,La Araucanía,CAUTIN,TEMUCO,Pregrado,Técnico de Nivel Superior,Carreras Técnicas,,,78500,785000,,Salud,Salud y Bienestar,Salud,Técnico Dental y Asistente de Odontología,NO ACREDITADA,NO ACREDITADA,,,,,